223,53,3
478,160,3
436,211,3
215,627,4
915,124,3
84,171,4
12,345,4
453,496,3
415,728,5
532,190,4
235,57,2
393,201,5
292,1010,3
681,16,3
6,519,5
91,819,1
785,317,5
912,143,5
41,85,3
814,221,4
926,194,4
706,630,4
391,287,4
6,67,4
0,211,4
234,791,4
822,30,5
193,280,2
221,450,3
455,587,3
324,434,3
566,639,4
772,153,5
434,558,3
453,131,2
715,158,4
869,82,4
187,204,3
12,745,3
302,110,3
59,660,4
372,704,4
795,447,4
415,475,5
863,356,5
921,432,4
654,410,3
94,89,2
547,1072,4
9,356,5
278,501,5
455,32,4
292,67,3
935,257,3
428,203,4
895,159,3
552,510,5
895,327,1
253,70,3
644,63,3
715,247,4
81,429,5
832,525,4
94,14,4
290,422,4
275,316,4
298,460,3
477,275,5
345,332,4
93,55,5
449,76,4
503,69,3
620,23,4
255,549,5
662,273,3
453,482,3
302,98,4
795,750,5
82,14,4
526,8,5
633,8,5
362,95,5
353,450,3
372,80,2
326,196,4
847,583,3
12,384,3
436,99,4
312,227,3
647,4,4
435,287,4
845,379,3
48,178,5
404,142,5
550,460,3
267,193,4
520,72,3
289,49,5
458,2,2
837,133,3
492,68,5
706,475,3
720,27,5
294,152,5
473,229,3
346,691,4
652,505,2
879,408,2
882,203,4
763,98,4
253,96,5
10,23,3
69,7,4
689,275,3
209,481,5
692,186,3
206,184,4
756,228,3
496,678,3
863,545,4
711,48,3
523,526,5
37,408,5
269,326,5
238,557,5
454,227,4
496,297,3
200,284,4
393,96,4
327,187,5
333,224,3
302,86,3
882,723,4
473,735,3
895,467,2
803,384,4
275,357,3
345,299,5
434,3,4
553,150,4
296,233,3
296,464,3
617,282,3
789,37,2
711,948,4
523,209,3
921,93,3
654,161,3
285,268,5
150,462,5
196,3,3
591,264,4
559,477,4
607,167,1
896,194,5
61,70,4
404,190,4
144,87,5
881,819,3
176,78,4
825,182,5
879,53,3
531,558,5
212,69,3
693,497,5
424,514,3
526,173,4
576,707,3
307,254,4
832,237,2
647,716,4
696,276,5
290,281,4
82,190,4
296,143,3
746,356,5
5,301,4
48,38,2
197,497,3
544,471,5
177,426,5
853,185,3
889,199,4
42,120,4
416,229,3
536,958,3
295,12,3
397,493,3
298,221,2
12,624,2
523,515,4
268,660,4
659,96,3
177,743,3
384,402,3
215,248,3
311,68,4
266,565,3
845,495,3
157,172,5
193,707,3
565,19,4
652,178,4
386,208,5
566,678,4
22,123,5
268,271,3
213,179,5
458,331,3
243,117,2
496,577,4
393,227,5
503,57,3
81,716,1
869,442,3
898,207,3
127,470,4
405,181,4
473,507,3
193,160,4
22,98,4
377,238,3
560,215,3
652,596,4
379,1038,3
424,257,2
302,28,2
449,162,4
416,379,3
270,288,4
837,95,4
290,410,4
379,553,2
6,654,5
212,54,5
534,128,5
405,1072,3
109,55,1
898,495,5
553,217,4
626,54,4
536,477,4
591,120,4
285,353,4
255,691,5
877,316,4
531,126,5
921,81,3
785,230,2
834,485,4
900,404,4
359,173,3
372,1038,4
449,1118,4
617,581,4
353,317,3
483,392,1
245,175,4
233,472,5
829,565,3
297,275,2
434,143,4
319,76,3
93,346,5
143,116,4
869,327,3
891,175,5
839,508,3
221,301,3
505,522,5
275,353,4
441,549,2
253,503,3
926,14,5
159,236,3
94,504,3
649,132,4
306,228,5
915,529,4
850,454,3
193,214,3
825,52,5
58,528,4
750,212,5
415,426,5
772,63,4
499,474,5
806,747,4
715,150,5
233,11,1
746,189,4
297,863,3
150,698,4
715,185,3
124,317,5
692,281,4
449,927,3
386,193,3
261,659,4
565,522,4
98,264,3
42,72,4
243,89,4
624,178,4
846,416,2
372,81,1
847,64,2
485,256,3
653,23,4
853,285,1
424,6,3
425,204,4
617,87,4
869,657,4
58,95,5
326,558,2
772,23,3
449,698,4
300,863,4
233,53,2
380,76,2
605,123,3
822,11,4
523,814,3
331,97,5
42,234,3
42,691,5
587,577,5
200,94,3
269,154,5
312,525,4
93,446,4
502,132,5
847,432,3
61,169,3
715,429,5
292,290,2
0,210,3
212,602,5
275,283,4
681,404,2
560,201,3
898,709,3
706,136,5
206,691,3
406,415,3
706,487,4
822,65,4
867,215,2
483,160,4
653,14,3
592,392,4
5,185,4
797,78,4
360,167,4
921,402,3
631,99,3
832,714,2
787,88,5
879,474,4
307,505,4
649,635,3
454,16,3
477,194,4
93,174,4
664,176,3
867,505,4
842,153,3
523,660,3
42,274,4
889,434,5
266,134,5
279,219,5
408,155,2
547,6,5
641,21,4
534,134,3
935,357,4
183,477,4
341,237,4
94,203,5
338,180,4
706,381,3
565,392,2
82,244,2
842,88,5
863,200,5
621,755,3
266,27,4
327,517,2
526,602,4
710,115,5
710,312,4
58,603,3
327,154,4
453,194,4
289,124,3
173,746,5
467,169,4
532,524,3
710,548,4
223,948,3
483,299,4
400,317,4
540,27,4
449,391,4
300,227,3
696,595,4
415,1011,4
446,21,4
692,482,3
449,167,5
658,133,4
61,198,4
373,553,2
304,187,2
939,284,4
229,434,4
891,131,5
863,650,5
662,0,4
285,160,2
451,13,3
377,726,4
341,181,5
173,659,5
313,654,4
536,227,3
576,379,3
338,287,3
377,37,3
233,68,4
502,355,4
814,143,4
69,1034,3
331,264,4
215,92,4
540,110,1
261,71,3
144,755,2
199,10,5
378,207,4
329,256,5
327,271,5
710,777,4
91,92,4
386,257,4
150,511,5
380,692,4
664,125,4
756,1034,2
298,377,3
434,156,4
404,209,5
659,117,2
243,208,4
542,271,3
312,332,4
585,116,4
614,179,4
746,63,5
628,49,5
617,55,4
298,9,5
57,19,1
471,167,5
487,519,4
327,479,3
306,735,3
804,431,5
787,81,3
863,113,5
55,81,4
614,214,4
312,190,5
404,518,2
478,204,3
206,741,4
101,225,2
159,208,4
804,602,4
585,755,1
658,175,4
221,391,4
200,237,3
270,160,2
649,154,2
353,96,3
698,115,4
58,639,5
880,475,2
889,515,2
895,86,4
659,2,1
499,1046,3
300,229,4
233,1034,3
898,1,3
353,134,3
144,1046,3
765,632,4
617,167,5
267,657,3
362,179,3
861,477,4
710,1073,3
804,195,2
765,190,4
654,738,4
449,581,4
157,0,4
499,210,3
150,209,4
291,78,5
294,402,4
720,316,4
649,108,3
115,324,3
406,483,4
177,331,3
614,71,2
434,384,5
804,173,3
331,10,5
248,21,5
326,513,4
757,639,5
822,293,3
847,175,4
652,181,3
660,182,4
296,167,5
607,608,5
229,209,5
869,526,5
12,189,4
200,288,2
867,116,2
416,992,3
795,22,2
867,198,5
434,11,5
12,131,4
449,493,3
449,433,3
665,728,4
850,78,4
886,567,2
304,14,1
834,131,5
292,209,3
243,427,4
275,651,4
664,698,4
638,583,2
61,11,4
499,283,3
302,251,3
494,132,3
82,659,4
292,160,2
494,28,2
108,747,3
400,171,3
863,30,4
795,549,3
681,48,3
405,403,5
446,23,3
797,117,4
261,209,3
416,31,2
488,259,3
486,264,5
58,289,3
888,754,3
789,754,3
379,735,4
659,280,3
373,95,4
290,171,5
881,98,5
483,426,5
192,23,2
664,314,4
262,497,5
617,587,4
397,0,5
215,80,4
906,505,5
362,1073,2
344,401,4
294,628,5
192,692,4
0,181,4
882,317,4
289,108,3
269,777,5
373,81,4
452,195,4
278,615,3
542,69,4
12,50,3
384,427,3
494,239,4
803,229,4
785,428,4
248,1,3
331,225,5
425,133,4
550,323,3
839,13,5
867,233,4
789,202,4
406,1011,3
659,95,3
882,726,3
55,88,4
647,567,5
535,95,4
331,1015,5
633,0,3
342,186,4
453,603,3
932,57,3
193,97,4
270,181,3
307,1073,3
296,85,5
12,746,4
540,254,3
803,227,4
255,28,4
772,228,3
279,158,4
520,392,3
863,257,5
757,6,5
861,69,4
834,22,4
157,143,4
338,326,4
84,530,4
663,57,4
803,435,5
863,196,4
824,1015,3
513,174,4
199,404,3
915,677,2
377,93,3
531,21,5
587,484,5
467,81,5
607,417,1
794,38,4
193,575,2
795,659,5
434,239,3
56,124,3
912,317,4
532,12,3
653,688,3
209,628,3
416,12,2
293,824,3
541,507,3
513,1013,2
926,10,5
292,154,2
885,95,3
341,25,2
270,484,4
326,468,4
0,30,3
298,312,3
658,85,5
473,497,4
449,163,4
0,71,4
275,958,4
715,505,4
416,297,3
268,714,4
377,320,3
372,624,4
898,30,3
41,581,3
312,479,5
212,153,5
311,136,3
715,186,3
710,431,4
746,507,5
659,461,2
377,57,4
893,25,4
654,63,4
326,446,4
921,175,3
326,232,3
307,193,5
449,213,1
644,366,3
400,510,2
335,366,3
343,202,4
932,165,3
255,6,4
795,708,3
814,520,4
772,356,4
626,257,4
535,500,3
392,3,4
794,142,3
405,653,4
885,635,3
268,126,4
452,256,3
213,306,3
275,525,4
199,672,5
710,184,4
41,431,3
398,590,3
129,203,5
343,207,5
623,245,4
223,283,3
58,581,4
647,297,2
377,286,2
715,203,5
536,181,4
150,316,5
654,220,3
4,415,1
405,506,4
553,85,4
806,28,4
393,401,4
435,98,3
681,214,4
345,210,4
359,747,2
882,175,4
151,20,3
391,165,5
196,209,5
386,548,5
762,3,5
649,207,5
453,95,4
863,152,5
436,82,4
289,434,3
17,192,5
307,116,3
215,78,4
454,723,3
879,824,4
889,339,4
41,755,5
118,657,5
325,210,4
889,270,3
243,723,4
200,357,1
496,548,4
455,58,4
505,519,5
157,567,4
896,7,3
6,450,5
664,78,3
428,169,5
327,126,5
496,628,2
295,126,5
362,548,4
664,132,3
353,605,5
641,52,2
532,488,4
502,450,4
143,287,2
494,172,5
304,317,3
428,581,3
483,293,4
456,738,4
342,25,3
550,306,4
747,134,4
888,482,4
386,267,3
91,152,4
737,526,5
220,469,3
9,477,5
649,401,3
710,199,4
415,1118,5
22,49,4
647,199,2
494,153,4
6,483,5
550,176,5
58,190,4
765,52,4
434,244,2
513,193,4
404,746,1
398,234,4
93,226,3
333,296,5
497,530,3
118,293,1
118,249,2
416,1038,3
534,428,3
262,135,4
406,501,2
642,483,5
311,497,5
373,3,2
143,342,2
451,178,5
297,482,5
804,664,4
660,116,4
822,709,4
565,288,1
591,98,5
473,522,5
624,182,3
750,180,5
278,320,5
275,681,3
327,656,4
307,230,3
89,51,5
670,67,3
607,198,1
266,410,3
279,507,3
631,67,1
108,210,5
839,496,4
177,72,5
221,230,2
664,761,4
353,380,5
681,470,3
143,587,4
621,567,4
428,62,2
415,302,4
295,209,3
392,301,4
12,37,3
455,231,2
379,195,4
804,316,4
101,240,3
708,218,4
223,21,5
391,208,5
435,167,3
513,273,4
0,261,3
536,268,3
847,461,5
880,256,5
342,301,4
435,89,3
451,210,2
406,422,4
499,420,4
15,142,5
311,495,5
896,482,3
715,293,4
231,312,3
197,150,4
215,217,4
255,122,2
302,108,4
390,55,5
57,155,5
326,245,4
877,691,4
434,684,2
505,61,3
553,865,3
310,424,2
341,285,4
307,30,3
193,416,2
541,381,3
404,514,1
275,259,3
197,24,2
888,321,3
398,171,3
91,557,3
220,402,4
520,290,1
473,512,5
310,46,2
302,3,4
900,120,4
5,525,3
847,133,5
343,212,4
338,660,5
312,167,3
298,528,4
118,88,4
881,415,4
69,203,3
704,577,3
477,409,3
42,207,5
48,92,5
415,495,5
649,497,4
223,76,4
866,196,4
55,553,4
188,49,5
118,49,5
15,193,5
292,162,4
804,225,3
531,154,4
505,207,4
10,454,3
486,273,4
503,207,4
763,150,4
921,182,3
404,204,3
55,182,5
756,203,4
384,210,3
715,196,5
253,342,2
647,190,5
57,567,4
496,90,2
715,63,5
234,99,4
343,646,4
535,152,4
5,366,2
206,659,4
335,167,5
42,470,3
91,435,4
233,745,2
822,87,5
159,233,5
127,47,4
451,194,4
307,653,5
795,97,5
520,162,3
708,294,3
523,484,2
188,731,2
291,275,5
398,23,4
312,120,4
297,49,5
436,477,5
295,483,4
626,548,3
458,221,4
473,470,3
326,46,4
457,47,4
9,366,4
400,683,4
12,176,5
900,134,4
535,379,4
404,81,4
550,194,5
209,3,4
496,199,3
93,410,3
822,214,4
342,68,5
177,454,3
249,403,4
390,461,4
59,581,4
326,256,2
880,12,4
55,229,5
392,553,4
12,719,4
653,587,4
12,704,5
292,202,3
748,641,2
534,602,4
108,844,4
378,495,5
428,337,3
285,344,4
845,176,3
496,624,3
605,96,5
787,447,2
59,410,3
329,762,5
386,469,3
177,81,5
520,391,3
453,587,3
566,178,5
9,204,5
58,583,4
534,257,5
454,21,4
109,214,3
803,447,3
393,171,4
449,321,4
803,731,4
900,94,4
502,19,5
193,647,4
436,175,2
295,113,5
58,430,4
456,3,4
550,96,5
17,491,4
377,287,3
17,723,4
177,494,4
504,202,4
880,281,4
435,132,3
206,695,3
0,219,3
378,176,4
652,226,3
748,173,5
63,213,3
566,220,5
193,509,4
307,297,5
665,514,5
235,312,4
772,10,2
898,143,3
58,27,5
772,216,3
223,548,3
300,202,4
587,728,3
392,8,4
814,704,5
98,181,4
275,182,5
215,301,5
326,209,3
58,567,5
795,186,5
436,517,2
327,596,3
902,280,4
587,62,5
12,140,2
748,230,4
294,212,5
326,417,3
118,627,4
631,81,4
94,192,3
895,664,1
454,503,4
177,91,3
144,267,4
187,198,4
17,413,4
221,528,2
456,264,5
115,126,5
42,293,5
292,442,4
689,780,2
253,392,3
806,1038,4
192,475,2
915,270,3
311,434,4
392,422,3
693,225,3
86,522,5
176,172,4
918,324,4
342,227,5
58,228,3
550,202,5
405,527,4
197,94,3
12,320,2
832,127,3
710,661,3
57,708,5
200,239,3
173,116,5
267,324,3
626,52,4
931,221,4
101,66,1
681,324,4
478,198,5
880,98,3
310,88,5
762,24,4
63,384,4
373,275,4
869,22,4
89,299,3
311,524,5
473,498,5
89,707,5
535,168,5
787,217,4
762,150,4
449,723,5
398,402,3
333,741,2
215,734,5
343,1013,4
757,220,3
540,94,4
902,51,3
344,675,4
458,472,4
0,189,5
415,199,5
746,261,5
275,230,3
665,317,5
647,27,5
279,587,5
746,230,3
531,209,5
188,704,4
600,435,4
654,432,2
487,482,3
57,202,5
150,321,2
939,163,2
48,925,1
787,519,4
467,23,3
294,72,4
785,470,4
6,651,3
312,658,4
449,312,5
881,283,3
492,741,3
441,627,4
846,190,4
415,210,5
307,777,3
206,1011,3
41,468,4
647,385,4
197,428,4
931,224,2
212,478,4
342,317,5
424,99,4
344,171,4
5,8,4
424,297,4
235,749,5
233,461,4
912,526,5
756,549,3
183,94,4
621,401,3
302,654,5
57,215,3
61,707,3
255,14,5
353,488,4
638,470,2
253,14,3
531,738,5
544,257,3
200,63,3
17,24,3
42,595,3
91,87,3
159,404,3
263,25,4
850,339,5
763,85,3
193,174,3
312,156,3
404,189,2
129,677,4
183,698,5
441,709,5
455,196,4
416,110,3
342,146,4
658,577,3
285,54,4
932,95,2
659,471,2
291,206,5
22,182,3
400,209,4
449,865,4
302,754,2
233,133,5
681,283,4
188,846,4
59,55,4
159,10,4
814,734,5
832,450,1
435,181,5
89,55,5
822,424,5
386,649,2
863,181,3
787,330,4
397,503,3
747,191,3
300,161,3
42,865,4
329,558,3
292,191,5
638,47,4
344,130,4
895,175,5
63,649,3
912,55,5
664,416,3
324,524,5
341,256,2
91,707,4
681,247,3
882,9,5
405,151,2
300,195,4
565,241,5
434,714,3
915,684,2
353,168,3
781,271,5
127,180,4
457,120,1
311,90,3
520,16,1
670,503,4
689,217,5
333,312,4
513,257,4
416,472,2
502,209,5
803,356,5
397,230,2
144,749,4
176,357,2
406,714,4
378,63,5
587,346,5
188,500,4
692,126,4
921,251,2
58,672,5
795,27,3
424,249,4
177,156,5
658,672,4
173,723,5
94,49,5
449,87,5
931,524,5
523,177,3
93,709,3
144,738,2
157,413,4
532,567,5
496,664,2
652,741,3
926,410,4
797,747,5
726,377,3
585,404,5
5,486,5
600,819,1
291,193,4
379,21,4
898,274,4
748,741,4
93,402,3
94,160,3
98,408,2
939,263,1
804,239,3
212,180,4
814,198,4
642,503,4
861,90,5
346,67,5
832,641,3
710,212,5
715,240,3
550,923,5
566,432,4
9,474,4
196,398,2
535,707,3
344,442,5
861,176,4
888,184,4
235,142,4
392,356,2
405,276,3
310,55,5
206,99,2
157,565,3
553,110,4
233,433,3
245,171,5
737,127,4
93,483,5
931,754,2
523,320,3
614,331,2
449,381,3
43,259,4
310,309,4
663,430,2
285,116,2
654,217,3
797,65,3
888,185,5
898,716,1
193,426,4
863,132,5
726,664,3
457,285,4
607,99,4
63,184,4
245,384,1
333,288,3
649,201,3
22,233,2
304,511,4
406,207,4
326,581,4
20,288,3
193,791,4
55,78,4
708,28,3
109,324,3
772,709,3
17,746,3
886,175,5
300,239,4
451,460,4
880,819,2
63,231,2
641,124,4
325,653,1
346,97,5
378,198,4
652,1015,3
822,226,1
243,41,5
895,413,3
343,275,4
455,446,3
473,133,4
918,13,4
294,719,4
275,323,4
108,678,3
245,210,4
12,232,4
405,147,3
737,317,5
84,477,4
302,67,4
229,63,5
200,55,5
127,632,4
324,174,5
542,174,3
150,404,3
342,11,5
59,221,4
617,558,3
520,239,3
696,324,4
918,1046,3
279,549,2
931,426,4
9,501,4
757,549,4
81,656,4
794,704,4
487,356,4
456,469,5
906,1047,5
918,366,4
248,410,3
221,23,3
435,432,5
617,549,3
342,178,5
59,229,4
15,384,5
652,290,4
605,824,5
478,293,3
540,167,4
248,468,4
638,723,3
867,650,5
906,142,5
822,215,5
888,470,3
115,331,3
71,99,5
881,419,5
91,526,3
915,865,3
902,95,2
391,133,5
750,385,3
61,482,4
187,217,5
292,165,3
664,215,4
108,80,2
585,232,4
449,728,4
278,427,1
326,142,4
359,186,4
891,142,2
285,545,1
313,24,3
86,96,5
392,384,4
93,404,3
457,432,4
289,70,5
176,918,4
243,19,4
926,71,5
454,57,3
310,195,5
398,54,2
478,247,4
58,55,5
587,132,5
41,1046,4
906,4,5
270,199,5
455,1100,3
275,734,4
285,122,5
6,177,4
449,214,5
933,85,3
292,38,3
726,431,2
41,184,4
304,479,5
15,409,5
765,201,3
708,97,4
304,130,3
386,530,3
312,488,4
86,37,5
58,716,2
644,745,4
496,719,2
188,90,3
333,606,3
384,133,5
384,660,4
614,86,4
662,271,5
267,231,3
795,814,4
231,918,3
912,184,4
797,497,3
710,120,1
441,158,4
535,78,4
17,461,3
331,312,5
270,470,3
757,108,3
503,754,4
248,627,3
263,215,5
536,131,3
452,213,3
108,927,3
505,704,5
915,497,3
921,97,5
715,706,4
150,377,4
536,471,2
692,381,4
380,175,4
55,209,5
310,198,4
249,201,4
89,88,5
61,43,3
449,212,4
206,241,4
434,172,5
232,214,5
428,528,4
877,273,3
42,96,5
289,322,3
576,236,4
10,210,3
617,659,3
275,678,3
565,528,4
43,522,4
317,192,3
659,402,3
814,517,3
6,227,4
327,221,3
58,491,4
108,264,5
449,49,5
63,99,4
441,404,3
715,259,1
746,590,2
81,517,4
805,287,3
325,63,4
881,525,4
279,558,3
42,289,4
400,662,1
485,220,4
93,471,3
566,426,3
295,543,4
55,233,4
59,403,3
338,155,5
452,627,3
829,510,5
814,464,5
888,198,5
704,1034,4
869,658,4
298,507,4
605,426,4
906,116,5
386,179,4
665,501,3
307,88,5
233,173,3
327,43,3
292,865,3
400,723,4
522,178,3
261,268,3
84,190,4
296,150,3
591,156,5
715,658,4
880,116,5
499,24,3
266,469,4
41,734,4
867,708,4
526,178,3
814,124,5
378,400,3
232,186,4
243,264,4
384,605,4
853,54,4
824,117,4
933,312,3
333,256,4
48,422,2
456,1011,4
302,708,5
115,288,4
534,630,5
310,432,3
880,174,2
789,401,2
84,475,3
720,195,5
576,224,4
220,54,4
789,366,4
446,256,3
91,355,3
869,65,4
353,167,5
553,317,5
814,81,4
405,413,2
631,185,5
89,366,4
499,475,2
229,195,5
415,746,5
266,237,4
295,522,4
275,21,5
626,195,5
553,327,4
69,47,4
115,267,5
665,384,3
304,211,3
926,416,4
21,410,1
173,14,5
750,213,4
333,627,4
388,366,4
415,293,4
486,287,4
312,500,5
566,647,4
641,553,4
441,181,4
513,420,4
863,14,4
392,180,4
536,229,2
58,484,2
345,3,4
57,88,3
206,469,3
877,508,4
711,661,5
124,97,5
628,291,4
814,646,5
333,226,1
231,271,4
822,193,5
275,28,3
17,473,4
326,10,4
933,207,5
398,62,3
206,176,3
550,24,1
932,626,2
235,50,5
708,0,4
213,212,4
737,180,4
415,271,5
704,418,3
659,484,3
886,221,3
297,251,4
624,237,4
404,709,4
846,10,3
362,581,2
795,198,3
41,210,4
881,661,3
866,22,5
252,215,4
306,160,3
698,224,3
108,175,5
404,433,3
939,171,4
726,93,4
885,938,4
63,227,4
312,747,3
378,683,4
58,649,5
58,527,4
576,549,3
888,207,4
647,209,4
794,122,4
641,408,5
446,210,4
756,187,3
233,938,2
866,49,5
267,651,4
424,179,4
885,53,3
327,283,3
446,434,4
292,1015,2
532,93,4
82,247,3
531,684,5
644,210,4
338,213,3
17,12,5
173,470,5
278,94,3
698,257,5
772,923,1
665,283,3
17,94,4
895,160,3
523,183,1
748,865,3
692,575,2
193,187,4
296,651,3
196,567,4
331,244,4
109,714,2
845,504,5
693,434,4
157,324,4
453,47,4
285,1046,1
446,99,5
200,384,2
591,296,5
296,203,3
473,44,5
294,64,5
886,171,5
285,41,4
13,318,1
197,819,1
670,117,5
48,513,4
304,281,3
620,172,4
94,854,3
895,469,2
740,672,4
341,254,4
502,661,3
434,615,2
263,516,5
304,88,3
229,143,3
895,424,2
757,136,5
268,67,3
270,429,5
127,415,3
496,12,2
279,196,2
297,310,3
150,196,5
391,323,1
824,297,5
861,520,5
278,171,2
377,276,4
526,180,4
48,54,4
654,327,2
9,154,4
307,1027,2
20,55,5
223,27,4
486,209,4
82,384,4
157,658,5
861,96,4
48,10,3
275,315,4
560,482,4
295,171,5
261,146,3
653,659,5
499,754,3
331,117,5
785,132,5
888,247,4
188,131,5
803,201,4
560,14,3
620,173,3
253,28,2
289,201,4
267,726,2
386,317,3
362,6,3
150,417,3
720,281,4
157,7,5
397,69,4
880,1027,3
386,473,5
278,283,1
740,691,1
84,193,4
344,317,5
921,738,3
877,201,4
492,434,5
362,136,5
253,21,4
649,731,3
296,49,5
150,193,4
824,273,4
302,672,4
317,814,3
458,470,3
434,201,4
397,70,5
6,508,5
326,528,3
12,63,5
532,434,4
505,257,4
711,651,3
726,948,3
353,132,3
335,238,3
415,695,3
870,91,3
294,88,5
532,81,4
109,747,3
726,464,2
268,199,4
456,731,4
81,293,4
560,692,3
494,142,1
183,1013,2
647,413,1
885,511,1
150,656,5
842,78,2
726,126,4
173,271,5
17,518,4
56,221,5
496,38,3
129,4,4
806,500,3
333,186,4
804,142,3
891,477,5
94,590,5
6,377,5
473,734,4
434,548,3
540,422,3
639,337,5
600,283,4
98,11,5
692,503,5
416,153,4
458,824,3
311,176,3
41,678,2
850,16,5
221,716,1
183,844,3
746,602,5
639,1072,5
270,69,5
193,549,3
20,14,4
541,41,3
279,553,1
895,479,3
888,738,3
386,135,3
400,10,2
313,692,3
292,404,1
536,587,1
313,327,4
200,24,3
478,212,4
343,12,3
197,130,3
270,43,4
292,212,3
310,484,1
61,170,4
0,248,4
696,49,5
63,86,4
310,217,4
177,761,3
6,98,5
505,199,4
542,61,3
535,639,4
312,518,5
408,528,5
619,894,3
486,1073,1
496,791,3
9,131,5
693,160,4
275,159,4
302,548,3
756,565,3
644,173,4
803,98,4
291,155,5
0,192,4
617,189,4
663,228,3
292,143,4
523,512,4
765,64,4
41,142,4
22,450,2
467,356,5
324,113,5
275,290,3
457,734,2
58,182,5
746,172,3
696,256,5
710,65,4
91,259,1
494,615,4
503,355,4
20,695,2
362,289,3
143,14,4
542,113,4
82,63,5
285,228,1
654,743,2
278,479,3
221,297,4
151,120,5
292,147,1
56,270,3
48,0,2
416,927,3
639,731,4
12,173,4
886,472,4
0,200,3
290,454,5
505,54,4
404,381,1
689,430,2
698,284,4
263,167,5
270,220,3
325,32,2
196,683,4
870,176,5
386,9,4
787,187,4
605,81,5
275,664,3
806,417,4
231,47,5
591,684,2
93,267,4
498,741,4
59,271,4
587,81,5
393,216,5
765,583,3
313,938,4
377,316,5
505,664,2
325,602,4
343,927,2
756,172,4
398,232,3
279,110,4
84,714,4
935,1013,3
86,684,3
847,731,5
504,1038,4
449,510,5
91,741,3
297,120,4
756,398,3
692,479,4
341,57,5
13,173,5
302,181,5
307,698,4
847,646,5
12,575,3
229,194,3
338,232,1
310,384,5
605,195,4
384,497,3
238,7,5
638,59,3
48,70,3
319,88,4
607,82,5
9,482,5
300,87,4
221,430,4
177,315,4
416,206,4
285,171,4
931,237,3
71,67,3
127,173,3
639,1,4
58,169,4
457,526,2
869,21,4
391,49,5
307,678,4
641,1010,3
552,496,4
560,57,3
915,641,3
642,239,5
505,654,4
193,6,3
710,659,5
486,93,3
42,497,5
617,175,4
939,88,4
681,712,3
98,21,5
292,581,4
698,747,2
486,172,4
58,447,4
621,518,3
915,222,4
623,92,5
737,256,3
825,95,5
910,654,5
710,392,4
654,12,3
681,20,4
192,392,4
456,202,4
711,416,4
921,67,4
329,384,5
302,71,3
89,302,4
342,723,4
498,193,4
877,548,4
756,209,4
94,51,4
267,384,3
196,285,1
591,186,5
69,750,4
373,474,1
879,63,5
520,257,4
560,200,3
889,156,4
6,447,3
906,146,5
144,292,4
434,199,5
177,464,3
380,48,2
681,331,4
804,189,5
143,30,3
714,216,2
720,241,3
863,207,4
391,302,4
847,163,5
487,49,4
513,97,5
757,483,5
670,6,5
659,203,3
404,47,1
278,221,1
933,301,4
504,171,3
183,240,3
534,132,5
234,194,4
327,131,5
750,557,3
746,132,5
200,332,2
223,923,3
196,37,3
37,154,5
333,418,3
213,49,3
633,289,3
483,923,5
428,549,3
275,322,3
446,155,5
91,88,5
895,819,2
404,515,1
93,131,4
200,220,3
266,385,3
243,755,2
63,37,3
853,95,3
12,403,5
129,567,5
312,504,5
837,221,4
300,198,4
882,738,2
689,52,2
41,203,5
6,401,5
652,52,2
886,672,5
313,7,4
541,195,4
151,631,4
279,391,5
560,318,2
89,133,5
434,326,3
664,30,3
91,366,3
57,108,4
451,509,4
621,172,5
912,78,4
415,273,4
416,14,5
449,91,4
275,567,4
285,366,5
12,731,5
454,134,5
386,38,3
647,398,4
591,49,5
654,55,3
193,628,3
693,484,4
513,428,4
845,28,2
471,587,3
658,215,4
388,178,4
177,654,4
344,220,5
278,653,5
566,123,4
829,430,3
285,416,3
662,654,4
91,211,4
196,95,5
333,688,3
885,548,3
424,116,3
762,46,3
302,691,4
275,87,3
115,514,4
61,2,3
893,125,3
326,143,4
805,878,3
220,567,4
681,55,4
473,220,4
81,182,3
71,80,3
534,274,4
787,435,3
550,67,2
485,590,4
748,201,5
895,507,2
863,53,4
82,683,4
206,7,3
449,515,5
267,87,2
748,402,4
531,654,5
263,99,5
747,172,4
115,249,4
319,55,5
129,565,4
221,171,5
6,85,4
797,221,3
863,61,4
617,723,3
248,289,2
302,404,4
206,1,3
473,654,5
803,510,4
536,416,2
243,650,4
362,247,5
333,289,3
400,587,2
696,325,4
915,1013,3
69,482,5
869,381,3
9,503,5
267,163,2
193,508,3
617,99,4
101,333,2
451,160,5
21,162,1
43,20,2
560,3,3
591,271,5
56,236,4
696,590,4
384,168,5
212,627,5
213,92,4
43,229,2
275,158,3
711,72,5
41,384,5
12,203,5
93,245,4
737,168,5
61,181,5
377,968,4
660,217,3
388,735,5
124,71,4
212,567,4
877,154,3
587,224,5
267,289,3
197,530,5
255,224,4
58,391,2
157,270,4
592,25,4
118,24,5
488,309,4
804,94,3
870,180,3
750,89,3
424,749,2
289,132,3
715,297,5
415,123,4
837,127,4
290,618,3
344,234,3
325,650,4
127,171,3
377,288,5
320,478,4
565,581,5
455,267,5
647,409,2
193,548,3
306,462,5
449,402,4
42,209,5
434,791,4
550,457,2
633,272,3
869,1072,5
803,86,4
313,0,5
814,317,5
649,234,3
199,865,4
55,992,3
9,520,4
935,254,5
343,475,3
638,201,2
285,923,4
536,500,3
377,185,3
325,527,3
297,595,3
662,110,3
886,418,2
662,596,3
292,628,3
262,161,5
118,131,5
757,426,4
560,155,4
486,558,3
295,78,4
559,263,3
845,189,5
642,1027,3
61,8,4
15,239,4
289,204,3
478,237,4
681,1038,4
435,218,5
879,108,4
263,513,5
327,519,5
785,285,4
803,237,4
467,116,2
312,217,2
295,60,3
296,208,4
750,69,4
393,55,5
698,321,3
620,878,4
639,314,5
631,193,4
17,213,4
587,41,5
863,133,5
740,163,3
726,234,3
86,180,5
143,212,4
895,6,4
918,325,3
84,189,4
196,61,2
55,1027,4
642,514,4
664,155,5
84,656,4
12,221,3
12,430,1
82,209,5
893,275,5
206,191,3
344,814,3
197,54,3
654,346,3
150,182,3
424,292,4
386,190,4
84,481,4
513,113,5
822,186,5
505,483,4
446,8,2
93,88,3
278,66,4
912,57,5
520,131,3
746,581,5
63,156,4
290,76,4
93,11,4
404,100,1
867,160,2
200,179,3
576,99,4
842,180,3
902,514,4
325,232,4
795,210,3
647,430,5
576,731,4
209,173,5
839,215,4
863,754,4
56,303,5
209,791,3
291,82,5
249,88,4
48,587,4
404,526,5
266,4,3
9,434,5
631,549,2
263,429,5
415,158,1
708,81,4
652,53,3
61,664,2
93,21,4
266,32,5
513,88,4
302,68,5
129,6,5
898,750,4
311,196,4
177,477,5
391,284,3
921,172,5
658,22,5
711,95,5
896,741,3
297,203,4
441,176,4
372,678,2
526,143,4
183,854,4
566,296,3
233,190,4
200,232,4
806,427,4
885,61,3
822,3,5
455,692,3
825,126,5
487,741,4
803,430,4
143,179,4
605,10,5
302,442,4
931,100,3
398,228,2
931,442,4
5,190,4
803,0,5
150,498,5
398,92,3
649,428,4
6,460,4
453,85,2
144,10,5
926,755,4
0,64,4
48,282,3
902,654,5
471,182,5
532,476,4
0,165,5
455,356,4
362,450,2
536,180,2
885,238,3
12,156,3
232,268,5
483,430,4
822,221,3
915,791,3
94,495,4
291,471,3
408,366,3
124,512,4
486,780,3
837,69,4
384,487,5
496,71,3
386,664,2
902,99,5
89,272,3
822,88,5
285,180,3
486,214,4
58,91,5
453,244,3
312,683,4
542,473,5
708,292,4
647,356,2
436,274,5
57,190,5
483,185,4
520,264,3
885,127,4
94,327,5
269,12,4
550,149,3
662,322,2
151,48,5
386,662,4
377,158,3
397,632,4
94,202,3
6,581,5
473,57,4
789,158,3
885,47,4
127,201,2
307,194,5
307,427,5
300,76,3
689,93,4
585,238,3
129,149,5
304,484,2
341,24,2
665,706,5
192,327,3
842,192,3
233,402,1
193,938,3
312,231,3
233,477,3
91,78,4
279,312,3
42,741,5
789,791,2
939,315,4
747,632,4
233,76,3
654,306,3
378,650,4
502,478,4
453,529,2
797,238,4
906,392,5
496,384,3
6,95,5
344,160,3
825,61,4
144,184,4
275,168,5
393,392,4
17,190,4
660,171,5
847,94,5
532,116,5
342,198,5
737,196,4
188,99,4
921,630,3
434,180,5
654,317,4
300,93,4
229,198,3
176,293,4
449,209,3
837,81,4
446,49,5
763,288,5
377,48,3
787,431,1
41,0,5
263,761,3
292,428,4
360,58,4
289,545,2
221,14,3
333,514,4
910,92,4
692,483,3
275,273,3
496,6,3
48,150,5
585,194,4
143,356,4
837,404,4
341,215,5
477,657,3
388,132,5
708,49,5
906,78,5
12,417,2
628,6,2
746,603,5
654,565,3
69,151,4
84,317,4
404,66,5
654,91,3
278,9,4
285,708,4
540,1046,2
870,186,5
362,306,5
483,664,4
344,49,5
127,283,3
436,217,2
726,95,4
455,91,4
297,434,5
93,224,3
895,734,3
342,192,4
151,410,4
192,353,3
544,116,4
435,217,4
513,208,3
406,161,4
233,290,3
652,501,2
663,168,5
233,726,3
343,201,4
932,664,1
623,256,3
748,147,3
544,209,5
452,142,2
82,392,5
617,608,4
10,716,2
108,30,4
326,55,2
81,366,4
71,96,4
41,135,4
345,160,3
89,13,5
877,417,3
200,185,3
124,482,4
388,656,5
926,81,2
658,315,4
206,87,2
505,88,5
342,51,5
449,160,5
614,270,2
748,131,4
591,357,1
4,143,3
346,72,2
822,149,4
900,173,5
262,176,4
428,89,4
457,1038,5
278,185,5
710,90,4
880,587,3
644,481,4
42,327,4
311,155,3
441,53,3
434,186,4
435,158,4
869,237,4
333,153,4
346,229,4
664,356,4
711,567,5
297,865,3
406,948,3
197,672,3
541,108,4
898,430,1
689,193,4
199,494,3
416,683,3
526,175,2
229,548,5
199,664,4
565,11,4
740,681,3
652,473,4
435,346,4
832,126,5
129,507,4
681,345,2
726,420,5
89,426,5
118,491,5
10,709,2
566,126,5
624,167,3
467,69,3
654,446,4
665,133,5
547,312,5
275,473,5
55,587,4
275,426,5
231,473,5
63,283,4
931,487,5
505,656,5
297,422,5
502,513,3
176,216,3
806,140,3
794,202,3
268,1072,3
377,1,2
772,259,2
715,0,5
659,173,4
803,63,5
213,19,4
176,567,3
591,846,5
312,427,3
415,125,5
483,150,4
292,3,4
559,259,1
471,403,3
845,52,3
834,464,3
869,461,4
451,244,2
536,511,3
882,769,4
150,172,5
268,506,4
787,191,4
289,242,3
124,299,5
552,479,5
285,21,4
261,357,3
449,28,3
428,467,3
869,590,2
803,450,2
408,57,4
177,548,4
441,448,2
477,865,1
891,402,3
302,131,5
188,197,4
269,236,1
434,745,4
320,58,4
200,312,5
177,76,4
55,745,4
43,226,4
839,366,4
268,151,4
542,59,5
233,505,4
416,189,5
794,755,3
200,460,4
341,326,4
523,475,3
300,672,4
829,229,3
915,567,4
750,587,5
307,229,4
197,508,4
307,435,4
895,750,4
93,791,4
320,735,4
373,183,2
10,108,3
296,484,3
17,427,3
620,32,4
837,454,4
397,709,2
343,844,3
193,161,3
267,180,4
378,734,4
535,120,4
477,287,5
746,302,5
379,221,3
746,791,5
814,82,4
302,392,4
115,19,3
540,82,5
346,143,5
895,178,2
845,420,4
647,82,4
536,261,5
61,134,4
89,58,5
212,503,5
803,513,4
404,377,4
853,120,1
652,93,2
814,131,5
647,819,2
331,81,5
644,176,4
505,493,5
649,116,4
740,287,4
333,318,3
98,1047,4
839,513,5
576,587,4
391,318,5
457,1047,4
704,549,2
4,401,1
658,314,3
377,65,3
785,176,4
269,264,4
696,306,4
392,714,1
762,170,3
10,300,4
144,716,3
795,116,5
86,1073,3
706,486,2
880,80,3
653,249,1
452,402,4
853,110,3
177,232,4
245,0,4
326,299,2
895,194,4
888,153,4
560,179,4
560,477,4
298,274,4
360,268,4
327,293,3
654,86,3
785,172,4
297,417,4
400,13,3
471,264,4
886,203,5
863,469,4
853,199,5
108,401,4
93,749,4
17,653,4
772,508,4
633,761,3
428,709,4
325,81,3
839,185,4
882,510,4
292,227,3
496,52,3
233,131,4
346,1011,4
492,6,3
360,672,4
454,746,4
292,470,3
891,478,5
714,1010,4
939,300,3
344,80,4
291,606,4
453,723,3
428,123,4
91,208,5
446,11,5
861,182,5
494,377,5
896,384,3
921,55,1
550,221,5
591,175,5
866,256,4
619,595,2
652,366,3
850,70,4
91,249,4
660,63,4
268,134,4
566,133,5
333,300,2
377,0,4
235,522,2
623,863,3
477,27,3
446,233,4
13,301,5
895,635,3
143,650,4
269,52,4
696,332,3
302,61,2
681,99,3
756,142,3
196,678,1
933,71,3
926,419,5
933,501,4
654,557,4
748,126,4
12,195,4
345,143,4
926,865,4
483,450,4
797,163,4
379,237,3
867,158,2
294,21,4
795,300,1
576,719,4
652,470,2
550,446,5
377,325,3
221,824,3
86,143,4
415,240,5
715,195,5
910,6,4
312,530,3
638,654,3
902,126,5
487,404,3
891,212,3
199,377,5
200,280,2
275,708,4
456,461,5
885,761,5
436,76,4
327,355,3
89,267,4
296,249,1
804,97,5
711,172,5
312,401,3
638,511,2
711,140,3
740,91,3
662,288,1
477,97,5
644,213,4
477,47,4
362,113,5
436,706,3
591,8,5
471,762,4
642,520,4
715,500,5
863,473,4
157,180,3
61,146,3
6,153,5
620,182,4
659,55,1
698,128,4
243,31,2
485,475,3
268,431,4
393,567,5
61,20,3
295,256,5
58,424,4
362,407,5
559,12,3
535,85,3
853,327,1
346,3,4
553,67,2
662,927,3
377,706,3
343,714,4
478,510,5
647,780,4
127,493,4
91,462,4
560,161,3
200,88,3
157,398,3
108,4,3
436,511,4
652,82,5
896,195,3
177,587,4
373,467,4
912,208,2
5,274,4
293,251,4
654,761,2
532,822,4
151,353,3
757,296,4
457,404,4
693,14,4
150,82,5
850,716,3
71,69,4
398,185,4
541,7,3
881,120,4
693,491,4
311,189,5
108,558,3
325,264,4
304,482,5
9,508,4
58,322,4
467,474,4
61,287,2
183,520,4
296,196,3
814,257,4
915,218,3
304,152,3
157,276,4
58,197,5
560,1073,3
485,299,4
324,520,4
689,97,5
209,1011,4
869,557,4
614,47,5
415,184,4
108,201,5
91,31,3
600,377,2
912,7,2
69,175,4
496,385,2
649,1034,2
477,231,2
187,418,5
266,684,3
41,289,3
455,167,4
124,151,1
455,70,3
89,173,5
17,13,5
641,93,2
895,704,5
842,434,2
425,630,3
665,545,4
842,190,3
746,27,4
660,1034,3
416,548,3
15,57,4
384,152,4
665,422,3
63,433,4
737,140,3
842,664,3
93,167,5
428,218,4
921,381,4
266,738,4
17,236,3
342,62,4
926,401,4
341,356,3
320,131,5
870,749,3
772,234,4
353,161,3
176,291,3
159,99,5
248,221,4
762,49,4
748,355,4
398,549,3
560,120,3
513,156,4
415,416,3
6,567,5
471,391,4
245,747,1
757,750,4
294,71,4
647,69,2
566,478,5
243,156,4
467,64,3
665,208,4
804,160,1
416,322,3
446,6,5
390,25,5
91,123,4
380,258,2
492,90,3
5,475,1
406,478,4
455,203,3
536,208,4
660,0,5
43,194,5
497,274,3
814,251,2
177,57,5
310,659,4
235,704,4
746,69,4
483,172,5
0,191,4
708,209,4
660,427,4
243,182,4
61,738,2
441,180,4
623,311,4
879,23,3
144,590,4
710,110,2
434,293,4
485,545,2
505,1,4
708,175,4
393,178,5
268,211,4
4,409,1
806,522,3
200,190,4
42,185,3
193,404,2
619,968,4
805,503,4
206,734,4
270,169,5
188,606,4
449,268,5
200,407,4
89,32,4
15,134,4
473,590,3
842,419,3
187,193,3
504,659,3
473,516,4
504,198,4
454,583,4
434,7,3
261,63,5
89,496,5
338,225,2
278,468,4
58,427,5
726,49,4
338,44,5
654,707,3
746,312,5
278,237,4
585,229,2
906,280,5
585,1046,3
436,318,5
477,615,4
310,749,5
353,493,4
416,484,3
863,522,4
129,738,5
624,602,4
638,164,3
94,78,4
641,95,5
342,422,5
886,108,5
192,99,5
902,409,4
737,650,4
266,53,3
320,606,4
86,230,3
696,272,5
794,381,4
756,21,4
317,268,5
939,419,4
127,24,3
290,213,4
698,677,3
404,177,3
390,426,5
748,172,5
59,179,4
880,545,4
867,208,4
455,478,5
621,433,4
552,204,4
378,96,3
58,239,2
436,218,3
71,175,2
879,450,2
290,248,4
658,293,4
0,151,5
587,163,5
898,153,5
333,299,3
292,481,4
200,268,3
209,301,5
804,747,2
261,472,2
748,94,3
473,210,5
449,233,3
196,434,5
278,557,4
233,7,5
915,469,3
502,728,3
380,581,5
405,714,4
503,416,3
183,630,4
486,590,2
757,291,4
292,216,3
660,675,4
803,143,4
918,8,5
94,100,1
434,398,3
832,511,4
43,495,4
846,180,4
278,409,5
795,413,3
503,309,4
715,12,2
895,236,5
384,527,4
496,163,4
866,167,4
89,691,4
449,497,3
617,281,3
234,302,4
765,446,3
664,327,4
534,487,5
220,217,4
378,442,4
81,96,4
233,285,3
665,146,3
391,312,5
392,493,4
785,197,5
607,689,4
765,130,3
619,626,5
449,224,4
805,89,4
5,123,5
785,279,3
292,501,3
379,181,3
231,126,3
647,193,5
921,454,4
342,276,4
473,21,4
300,11,4
642,4,3
59,22,4
108,1011,4
451,493,5
248,236,5
803,754,3
234,428,4
4,229,3
926,90,4
249,495,4
297,285,4
918,167,1
327,322,3
542,152,3
654,196,3
542,468,4
404,427,1
449,467,4
267,185,3
408,86,3
434,233,4
42,515,5
93,683,4
926,384,4
797,207,3
726,122,3
453,430,3
456,728,4
176,267,3
750,651,4
324,312,2
84,706,4
192,268,4
747,325,3
238,186,5
451,426,4
108,0,4
0,251,2
504,76,3
605,293,2
492,261,3
398,218,3
69,677,3
750,173,4
404,719,1
483,567,3
662,173,5
6,454,4
425,658,4
513,746,4
261,91,3
17,99,5
747,497,4
320,473,4
698,234,3
362,171,5
263,450,4
270,192,5
885,958,3
428,47,3
670,225,3
653,301,5
327,227,3
931,99,5
499,55,5
863,275,5
20,8,5
626,183,4
290,426,4
187,158,3
486,292,5
341,662,4
795,683,5
55,6,5
270,565,4
804,508,5
398,743,3
15,0,5
43,156,4
660,184,5
628,237,5
560,469,3
839,948,4
522,508,4
649,210,4
449,500,4
932,230,1
41,754,4
633,268,4
311,658,5
269,741,2
249,500,5
478,281,5
757,683,4
404,416,2
789,248,3
532,228,4
895,32,2
441,402,4
144,180,5
341,377,4
91,28,3
455,264,3
82,117,3
550,10,5
270,190,5
879,194,4
845,442,4
663,683,4
333,473,3
338,135,5
405,174,5
888,728,3
654,274,4
109,467,3
794,80,4
434,747,4
886,6,4
177,213,1
150,515,5
452,66,4
360,189,5
229,95,2
710,76,3
43,227,5
498,426,5
108,110,4
740,477,5
13,518,5
536,321,1
428,497,5
869,67,3
82,590,4
498,483,4
499,366,3
408,191,4
654,649,3
252,281,4
261,6,4
6,615,4
576,626,5
456,208,5
746,155,3
453,479,4
37,233,5
824,1027,3
885,473,4
664,108,4
536,99,4
762,12,3
436,639,1
931,433,5
455,420,3
392,392,3
576,692,1
915,67,3
333,651,5
726,745,4
307,639,4
353,477,5
441,293,2
935,13,4
795,274,4
566,356,2
708,120,4
296,236,4
59,505,5
285,197,4
653,312,5
441,120,2
888,41,5
43,377,3
326,657,2
449,259,2
4,410,1
6,427,5
317,418,5
451,418,4
392,741,4
552,505,4
292,185,2
392,2,3
789,68,1
408,8,4
550,385,1
692,87,3
279,21,5
262,522,5
478,142,1
42,276,1
10,7,4
159,136,4
552,180,4
71,0,4
176,333,3
757,217,4
48,454,1
391,271,5
296,82,4
617,419,3
789,273,3
496,183,3
12,431,4
177,322,3
313,143,3
614,27,4
885,21,4
781,269,4
325,656,5
642,93,4
649,67,3
12,171,5
591,2,4
196,719,2
115,64,2
261,1013,5
542,384,3
912,174,5
659,428,4
93,714,4
384,186,4
302,30,3
84,522,4
846,261,5
93,65,2
428,404,3
649,630,3
344,581,5
150,207,4
93,159,4
863,938,4
333,254,3
393,558,4
275,427,4
143,317,5
478,186,4
335,55,4
183,714,4
531,467,5
473,149,5
628,654,5
307,60,3
221,89,2
623,301,4
20,242,2
17,178,4
499,12,5
789,762,3
704,61,5
378,503,5
221,1010,4
846,49,4
150,356,5
13,529,5
63,747,1
5,285,2
220,63,5
84,506,4
879,814,4
895,470,3
806,68,5
275,178,5
621,216,4
565,82,4
200,70,3
471,442,4
534,281,3
726,11,5
473,462,5
659,226,2
233,628,4
832,176,5
681,272,4
58,173,5
689,76,3
628,10,2
750,20,5
261,558,3
404,419,5
428,1010,4
270,193,5
144,602,5
434,927,3
129,384,5
294,153,5
886,844,4
221,470,3
458,244,3
405,704,4
756,182,4
415,24,4
638,509,3
400,271,3
42,11,5
304,167,4
84,497,4
726,473,3
212,55,5
435,238,3
617,506,4
664,11,4
915,41,5
910,646,4
223,590,3
151,392,5
832,454,3
344,273,3
664,236,3
720,134,3
331,76,4
234,51,4
91,641,3
291,85,4
109,575,2
278,529,3
522,154,4
129,1015,4
664,683,3
912,268,5
392,320,3
333,310,4
638,603,4
847,81,5
494,68,3
434,435,4
536,379,2
536,288,1
326,179,4
834,24,5
523,482,4
384,55,5
708,88,3
243,233,3
384,237,5
654,581,2
565,21,3
295,695,4
320,528,4
659,172,5
772,233,2
415,198,5
12,309,4
692,854,2
416,50,3
870,201,4
89,78,4
641,471,5
888,88,4
449,134,3
176,167,4
6,195,5
895,401,4
794,428,3
93,391,3
233,191,3
880,923,3
869,958,4
663,136,3
888,70,3
404,379,2
628,332,4
392,71,4
449,658,5
803,472,4
266,230,4
93,464,5
292,321,2
71,186,4
388,434,4
377,62,3
6,70,5
220,422,2
496,93,3
232,514,5
327,67,3
232,274,5
9,656,4
906,124,4
449,301,5
526,516,5
726,176,4
592,57,4
867,67,2
177,475,3
542,78,4
547,750,4
839,472,5
647,228,4
550,68,4
302,630,4
150,320,4
653,146,3
86,178,4
435,94,4
267,6,4
84,64,3
300,214,5
638,515,4
312,524,5
319,237,4
37,507,2
213,317,4
552,434,4
302,317,5
869,503,5
58,624,3
187,173,5
453,519,4
547,618,3
926,153,3
15,95,5
652,435,1
696,762,4
300,3,4
157,429,5
896,659,4
12,777,3
392,723,3
585,180,4
183,409,3
353,9,5
311,433,3
372,473,3
223,91,1
845,426,4
842,214,2
270,21,5
220,285,4
398,194,2
312,194,5
405,202,4
628,110,5
532,475,2
853,237,5
221,355,4
390,503,5
302,249,4
404,448,1
522,209,5
804,321,2
37,70,5
406,442,3
151,482,5
223,124,3
243,293,4
6,263,4
935,251,2
91,410,4
451,171,4
487,21,4
313,507,3
659,356,2
565,741,3
877,461,4
832,200,4
291,407,4
275,201,4
665,602,4
910,193,4
296,52,3
918,236,4
144,672,4
763,417,4
150,214,3
794,3,4
626,214,1
762,526,3
261,587,4
384,479,5
127,486,5
21,230,2
795,590,3
576,316,5
534,653,5
143,86,5
294,400,3
592,273,3
300,10,4
654,470,3
620,7,5
416,152,5
659,1073,1
663,202,4
379,448,3
267,435,3
863,432,3
302,280,3
552,660,5
853,296,4
696,285,4
344,254,4
803,738,4
101,337,2
42,844,5
13,239,5
663,78,4
765,196,3
520,525,3
213,237,4
471,249,5
503,222,5
392,135,5
647,70,3
289,719,3
343,0,3
151,422,5
279,755,4
268,635,3
765,392,3
591,292,5
456,124,4
159,239,4
523,417,1
234,922,4
233,167,3
12,316,5
435,186,5
785,707,4
91,41,4
526,581,2
118,120,4
42,70,4
614,522,5
918,333,4
63,704,5
496,272,4
834,238,5
319,256,4
659,427,4
406,431,4
471,194,5
101,747,3
108,96,3
662,651,4
654,1,3
63,878,3
320,656,4
704,171,3
377,791,4
129,70,5
325,392,4
536,639,3
362,184,5
715,413,4
805,191,4
803,249,4
706,96,4
248,254,3
98,122,3
623,814,3
159,60,4
471,142,4
91,245,4
405,239,4
547,503,5
891,99,5
372,161,3
757,27,4
935,120,4
302,136,4
289,173,5
292,627,3
885,55,4
532,30,3
659,122,2
478,200,4
785,457,3
428,384,3
542,58,4
867,508,3
285,948,4
757,150,5
467,245,5
144,430,5
285,178,5
617,632,3
540,7,5
591,244,1
486,159,4
756,470,4
289,98,4
313,124,5
523,30,4
535,135,4
757,87,4
591,325,4
794,49,3
17,922,5
245,419,3
302,846,4
880,70,4
342,49,5
499,762,3
86,627,4
681,4,3
847,161,2
173,20,1
806,21,5
681,707,3
378,171,4
91,530,4
620,175,3
467,115,4
304,659,4
266,68,4
662,12,3
870,565,3
345,99,3
193,478,3
129,688,2
845,98,4
803,232,4
213,172,4
392,160,4
834,215,4
789,567,3
221,100,4
492,234,2
390,590,4
379,70,4
592,49,4
889,656,5
425,142,3
641,120,5
294,156,5
886,27,5
267,822,2
591,241,5
416,432,4
93,203,4
55,190,4
397,475,3
566,202,4
607,21,4
534,478,4
388,204,4
649,218,3
353,527,5
829,230,2
436,424,4
6,143,5
243,526,5
649,225,3
847,508,4
278,146,4
327,738,3
591,236,4
895,209,4
866,174,5
362,160,4
243,356,5
187,236,3
906,325,5
853,190,4
61,228,3
59,497,5
43,199,4
847,519,5
434,182,5
737,1046,3
177,507,3
456,207,4
478,691,3
850,346,5
456,65,4
560,595,2
48,208,5
58,515,4
200,123,3
711,419,3
397,658,3
638,708,3
12,517,4
893,12,4
494,215,4
711,723,3
404,520,4
806,249,4
346,156,5
654,273,3
359,204,5
233,780,2
473,480,4
4,218,3
200,479,4
267,581,5
129,55,5
531,134,3
453,256,4
895,190,4
520,747,3
292,530,4
647,474,1
762,657,3
289,87,4
300,1073,2
405,491,4
496,126,5
825,94,5
304,191,2
215,68,5
43,94,4
623,254,3
478,299,2
895,769,5
213,194,4
187,95,5
498,214,4
626,209,3
0,244,2
550,185,5
605,283,4
150,134,5
789,268,3
473,496,5
232,57,3
329,63,5
628,143,5
193,134,3
737,417,3
424,123,2
81,190,4
199,95,5
127,746,3
341,745,4
591,117,3
626,723,2
652,227,4
617,520,2
902,247,2
338,427,5
200,231,2
623,285,5
378,330,4
278,738,1
341,46,5
58,198,4
746,506,3
212,131,5
261,761,2
81,234,1
143,1100,4
183,12,3
654,154,4
233,151,4
660,78,5
292,217,2
377,516,3
200,203,4
918,346,3
9,628,4
505,1072,4
55,404,4
900,428,5
177,193,4
617,96,5
498,519,3
115,992,2
693,518,4
804,82,4
523,446,5
285,256,3
229,649,4
649,213,3
15,70,5
333,474,4
405,419,4
408,356,5
41,968,5
144,923,2
693,134,5
748,627,4
861,479,5
269,65,4
221,7,1
248,0,4
689,434,5
536,186,4
200,318,2
504,384,4
108,475,3
177,312,5
520,11,5
319,750,4
706,691,4
98,6,4
641,171,5
497,228,2
628,152,5
915,522,3
795,125,3
607,264,3
406,68,4
547,16,3
453,656,3
726,200,4
881,81,5
585,82,2
910,190,5
814,649,2
108,177,3
302,155,5
893,846,4
526,639,4
324,179,4
932,186,4
486,549,3
270,136,4
317,132,4
9,177,5
550,53,3
292,184,5
513,236,4
497,270,2
91,158,4
654,18,2
456,154,4
233,96,2
550,66,5
658,190,5
213,407,4
846,120,3
915,267,5
499,241,3
665,522,4
295,227,4
93,476,2
877,510,4
200,0,3
434,567,2
453,312,5
312,734,3
275,590,3
520,68,3
400,321,2
665,330,4
278,206,5
266,228,4
585,450,4
48,120,1
785,464,4
270,281,2
233,704,5
5,174,4
263,3,4
5,527,4
279,134,4
740,82,4
536,509,3
304,922,5
124,614,3
772,168,5
307,203,4
522,82,5
882,194,5
311,492,5
863,189,4
814,404,4
319,146,4
642,245,5
360,285,5
566,78,2
243,467,1
81,475,3
689,87,4
834,498,5
882,146,2
263,178,5
663,72,2
814,470,2
900,508,4
378,264,4
416,38,3
267,143,4
115,287,3
654,192,3
342,0,5
220,684,3
84,605,4
552,274,5
560,162,3
534,507,5
408,134,5
620,575,2
492,207,4
267,380,3
486,738,2
188,274,5
471,677,4
326,47,4
143,63,5
605,236,4
647,447,3
197,510,4
333,184,4
547,99,5
451,457,1
891,476,4
710,168,5
86,844,4
553,201,4
565,14,3
624,150,3
698,275,3
386,189,5
513,87,4
267,332,4
157,1046,4
290,128,5
428,135,4
15,30,5
233,872,3
921,199,3
17,479,4
494,181,5
473,321,4
416,1118,3
306,1027,4
587,70,4
232,222,4
765,450,2
406,628,3
710,214,3
708,63,5
269,1072,5
415,49,5
304,346,3
681,755,2
91,754,3
496,691,3
6,653,5
867,187,3
492,0,3
270,510,5
15,94,5
373,219,2
591,237,5
157,513,3
353,19,5
129,201,5
653,7,5
320,86,3
377,46,4
310,747,4
710,93,2
232,196,5
471,402,5
41,218,1
326,191,5
772,173,3
108,237,2
762,136,4
837,21,4
386,844,4
61,19,4
338,401,3
86,193,5
453,14,2
441,54,3
253,180,5
541,422,4
82,355,4
505,95,4
879,878,3
804,57,4
373,247,1
706,12,4
639,683,4
293,322,3
183,650,3
435,10,5
278,272,2
715,494,4
268,528,5
335,450,2
311,82,4
478,356,4
415,630,3
502,124,3
292,695,2
404,61,1
150,88,5
513,46,4
268,238,2
379,501,1
69,422,5
231,514,2
863,229,2
806,203,4
536,237,4
344,497,4
607,64,5
143,517,3
559,422,4
5,483,5
642,99,5
129,863,2
59,134,5
91,1027,2
275,228,3
200,283,3
797,404,5
173,214,5
451,172,4
896,72,3
886,7,4
750,708,4
863,327,5
888,653,3
81,80,3
805,317,5
248,172,5
408,517,1
416,124,5
129,147,4
91,238,4
626,270,5
319,3,3
424,3,4
649,529,4
804,318,2
536,503,3
392,408,4
57,309,4
587,66,1
895,195,3
215,155,5
89,288,3
639,183,5
478,65,3
478,168,5
329,50,5
617,650,5
452,58,2
458,695,4
478,254,2
58,225,4
863,48,3
81,219,2
231,356,4
933,315,4
740,93,3
69,575,2
398,46,3
483,691,5
310,777,4
654,25,3
457,650,3
267,283,3
338,514,5
587,117,3
425,22,4
664,292,4
415,500,5
641,66,4
435,156,5
933,152,5
503,237,3
681,155,5
150,185,4
605,149,4
63,55,5
746,654,3
267,424,4
89,95,4
804,524,4
86,71,3
292,491,5
456,88,5
94,431,3
12,332,3
223,68,4
89,327,3
200,191,4
653,316,4
415,769,4
494,402,5
42,117,4
863,249,3
245,469,4
415,249,4
424,217,3
55,72,4
647,216,2
311,413,3
737,202,3
523,692,5
566,8,4
654,656,3
275,324,3
435,366,4
235,434,4
384,173,2
213,168,4
847,422,4
617,678,1
523,134,3
108,731,3
428,762,4
861,131,5
473,195,5
94,171,4
21,108,4
405,712,4
388,422,5
292,233,5
473,583,5
405,167,3
307,377,3
372,683,4
324,81,3
415,224,1
290,728,4
605,208,4
377,754,3
278,486,3
879,684,4
397,48,3
488,285,4
915,780,3
10,226,3
853,196,4
787,176,3
372,99,3
188,510,4
772,220,2
804,41,2
797,219,3
772,231,3
918,245,3
233,182,4
434,80,3
534,267,3
532,99,5
454,726,3
386,918,5
408,178,5
10,689,4
115,300,3
485,407,3
21,237,5
270,198,4
436,291,5
127,704,3
621,282,4
607,299,1
654,377,1
869,180,4
238,492,5
0,0,5
221,221,4
289,379,3
446,10,4
253,264,3
177,130,4
326,86,3
726,927,3
359,27,4
614,659,4
360,530,5
912,178,3
425,495,3
750,256,4
183,14,3
343,430,3
659,160,1
94,150,4
229,497,5
693,647,5
405,186,2
373,384,4
59,224,3
13,312,2
12,165,5
428,1118,3
388,273,4
523,272,3
765,126,5
893,627,3
623,13,5
842,473,3
467,434,4
863,525,4
535,82,5
879,21,4
772,454,4
647,225,4
235,654,3
939,212,4
565,478,4
665,264,3
456,482,5
710,185,3
434,218,5
404,415,2
372,366,3
846,403,3
467,426,5
536,195,3
455,97,3
544,192,3
846,608,2
58,402,5
177,404,3
804,140,2
933,487,5
295,133,5
373,55,5
362,61,2
58,384,4
61,163,5
127,650,5
560,525,3
494,447,5
523,238,2
665,173,3
473,236,4
628,299,4
591,146,4
747,199,3
891,422,5
360,442,3
101,228,3
880,448,3
885,54,4
425,199,2
863,672,3
452,96,3
456,110,3
659,195,4
61,269,2
485,291,4
404,1118,3
343,300,4
388,606,3
183,24,4
456,63,5
863,677,4
435,434,4
380,723,3
886,24,2
915,473,4
681,95,4
58,509,4
310,180,4
885,88,4
173,159,5
343,683,3
654,381,3
12,108,4
534,3,3
312,822,3
71,678,2
483,88,4
795,86,5
624,133,4
436,707,4
641,152,3
300,232,4
626,156,4
200,734,3
404,548,1
69,416,3
829,78,4
886,94,4
698,210,1
915,195,4
0,115,3
560,723,3
58,204,3
199,134,4
457,386,4
333,110,3
921,379,4
837,171,5
477,1100,4
296,750,4
392,256,4
746,273,4
416,464,4
267,745,3
384,918,4
531,228,5
623,247,4
300,180,5
4,434,4
879,417,4
505,208,4
392,409,4
621,471,3
327,81,4
845,356,4
275,1010,3
893,257,4
550,240,4
467,320,3
109,10,4
0,50,4
787,132,5
888,194,4
536,197,2
344,287,3
9,202,4
270,422,4
415,76,4
398,734,3
345,6,2
869,430,3
270,132,4
392,377,4
324,136,5
531,142,4
143,296,4
302,116,3
200,96,2
497,483,4
101,777,3
338,342,3
644,287,3
12,136,5
652,117,3
591,656,4
41,691,4
867,126,4
880,97,5
621,3,4
157,167,5
748,202,4
787,300,2
504,181,1
292,415,4
523,402,4
895,14,3
663,704,4
404,48,1
659,88,3
278,624,3
498,164,5
5,31,4
0,173,5
847,173,5
58,467,3
89,131,5
325,209,3
881,55,4
591,259,4
0,47,5
803,99,5
415,288,3
889,133,5
619,431,4
129,537,5
885,116,2
711,420,4
535,430,5
895,398,1
320,55,4
317,65,4
536,522,3
392,108,3
566,606,4
747,131,3
406,401,2
294,217,5
324,528,4
266,97,5
377,63,4
522,71,4
359,44,4
565,762,4
58,472,3
362,709,5
550,684,1
41,470,4
275,948,3
600,90,5
663,714,3
592,282,4
61,6,4
335,844,1
592,630,3
681,923,5
505,660,5
310,82,5
652,192,4
84,153,4
150,99,3
293,116,4
726,691,4
312,244,3
453,417,3
275,448,2
652,446,2
726,172,5
631,608,3
822,707,4
605,992,5
5,339,2
659,82,3
591,214,5
918,317,5
550,14,5
505,204,5
56,495,4
660,95,4
576,1034,3
6,172,5
268,416,2
847,209,5
485,543,4
338,4,3
397,203,4
294,207,5
542,409,3
839,514,5
17,410,3
455,507,4
659,70,2
879,231,4
710,268,5
408,174,4
850,270,5
654,128,3
310,402,4
261,649,4
15,201,5
803,494,3
378,233,5
804,23,4
193,63,5
223,714,1
58,590,4
494,649,5
624,257,4
341,91,4
188,512,4
362,918,5
933,482,3
715,180,4
520,134,4
822,6,5
473,420,3
532,590,4
931,228,4
797,93,3
708,404,3
267,183,4
825,650,4
173,161,5
620,292,3
43,431,5
541,190,5
327,10,3
151,21,5
206,575,3
846,478,3
298,169,5
566,524,5
765,498,3
319,624,4
845,131,5
626,182,5
292,164,3
213,91,4
252,741,4
436,51,3
298,537,3
485,180,4
720,357,1
98,762,5
212,581,4
867,404,1
617,209,3
487,259,2
633,244,3
681,299,2
772,230,2
9,285,4
12,58,4
213,78,4
6,403,5
863,68,5
520,215,2
58,854,4
486,402,4
6,480,5
644,133,5
206,290,3
188,296,3
559,10,4
654,68,3
91,545,2
424,240,2
623,261,4
902,46,5
127,219,1
13,92,3
157,743,4
0,217,3
653,750,3
91,1046,1
384,482,4
343,384,2
255,355,3
531,420,5
617,215,3
619,224,3
847,203,5
386,476,1
380,131,5
193,80,2
294,208,5
393,417,4
388,28,2
206,68,4
343,194,5
513,185,4
757,195,4
269,4,5
487,190,3
795,322,2
261,178,4
535,173,5
869,171,4
285,76,3
681,52,2
620,270,5
737,264,4
485,320,3
12,516,5
502,267,5
478,248,2
245,37,2
415,98,4
416,460,3
326,454,2
496,155,5
9,126,5
89,381,5
20,184,5
108,69,4
372,24,4
58,199,5
262,321,3
845,478,4
0,65,4
845,431,3
832,171,2
81,108,1
696,750,5
234,602,3
42,154,4
392,865,3
869,520,3
400,650,4
888,267,4
746,175,4
505,464,4
345,66,3
550,37,1
89,147,2
338,474,5
641,624,3
157,664,2
931,164,4
333,230,2
621,239,3
415,37,3
746,525,5
550,70,4
313,66,4
763,322,3
455,482,4
304,304,3
910,968,5
304,206,5
885,4,3
467,142,5
665,603,3
710,735,5
377,402,4
523,659,5
560,272,5
294,497,5
289,403,3
405,216,4
275,565,4
206,130,3
255,318,2
850,312,4
22,173,4
177,89,3
795,392,4
787,269,2
221,244,3
118,198,5
15,475,3
748,257,4
621,232,4
408,492,4
233,140,3
880,78,4
550,925,2
290,233,4
212,11,5
492,549,4
37,66,4
278,131,3
832,402,1
932,745,4
756,404,4
57,134,4
89,22,5
740,402,5
471,226,5
327,822,3
879,327,4
453,142,4
473,647,4
915,272,3
344,627,3
192,331,3
869,55,5
814,422,5
343,407,5
55,257,4
415,683,5
298,473,5
115,886,3
302,81,4
4,208,5
552,519,5
248,54,5
268,422,4
896,442,5
6,675,3
253,525,3
353,734,3
94,196,4
373,201,3
220,47,5
89,202,5
4,24,3
473,656,5
319,209,5
520,745,4
55,201,4
523,49,4
118,297,4
379,271,4
384,510,4
560,47,4
37,422,5
353,268,4
845,672,4
69,167,4
231,474,5
345,76,4
547,747,3
789,64,4
342,507,5
388,142,3
535,510,5
291,299,4
659,545,2
150,55,4
804,211,3
505,228,4
891,647,4
61,527,5
756,155,3
536,19,3
591,618,1
232,292,4
12,386,3
61,150,5
720,80,2
188,27,4
748,658,5
559,1013,4
560,558,1
326,483,3
787,432,2
307,182,4
485,844,4
906,474,3
5,275,2
863,95,5
233,181,3
342,357,1
456,743,3
384,199,3
726,626,3
785,195,4
115,202,5
906,812,5
248,299,4
329,224,4
803,527,4
392,67,4
710,402,4
270,68,4
720,323,3
289,234,3
698,123,4
58,82,4
880,392,4
392,312,4
541,522,4
471,11,5
895,70,5
93,575,2
302,225,4
143,473,4
726,226,4
335,215,5
566,198,4
715,384,1
926,327,4
535,70,5
144,543,4
48,99,4
665,247,3
662,123,3
221,203,5
436,691,4
173,68,5
206,507,4
93,178,5
338,567,3
344,90,4
101,199,3
600,474,4
10,14,5
607,3,3
304,51,2
746,195,2
233,1,2
886,71,4
298,193,3
289,698,3
329,237,5
765,97,3
715,691,5
434,81,5
392,89,2
115,321,2
93,385,4
631,522,3
200,303,2
652,78,4
415,545,3
415,55,5
238,504,5
623,6,4
326,272,2
6,422,5
867,95,2
307,735,3
200,431,3
424,32,4
931,150,3
42,590,5
233,273,3
150,215,4
526,49,4
392,172,5
523,97,3
192,273,3
312,497,5
118,549,4
238,506,5
428,289,3
94,416,3
654,549,2
234,192,5
6,176,4
853,483,3
43,356,4
343,197,5
292,356,4
504,176,3
488,315,5
654,510,3
693,356,5
267,94,4
12,404,2
832,288,1
196,677,2
150,222,5
93,227,4
642,152,4
41,403,5
144,218,5
58,207,5
424,293,2
20,557,5
794,143,4
307,691,3
762,189,4
845,186,4
253,27,4
847,581,4
659,300,3
425,504,4
912,88,5
693,96,5
372,528,4
658,473,2
275,968,4
261,490,3
477,282,4
295,285,5
520,152,4
591,131,5
17,98,5
434,755,3
446,227,4
61,651,4
895,309,4
127,63,5
362,152,3
405,435,4
22,70,3
428,297,5
21,143,5
504,182,3
5,268,4
342,482,5
624,171,4
406,179,4
378,270,3
502,181,3
531,315,4
912,14,3
891,10,3
592,154,5
785,280,4
329,583,3
193,1010,3
665,113,4
302,4,2
48,627,4
587,651,2
436,735,5
86,1027,4
454,317,3
295,186,5
535,48,3
513,728,4
279,55,5
373,175,4
344,468,5
488,325,4
428,49,5
893,254,3
681,231,3
620,160,3
290,567,4
312,97,4
670,160,5
342,6,5
248,88,5
302,96,5
726,738,4
386,46,4
845,171,4
353,86,3
290,402,4
221,30,5
386,24,2
101,78,2
706,196,4
398,824,2
654,344,3
488,268,3
12,177,4
415,175,4
795,248,1
220,38,4
342,21,4
617,355,2
497,537,1
787,698,3
333,98,4
853,627,2
428,221,4
312,321,3
415,69,5
157,708,5
297,497,5
298,181,3
405,2,3
496,602,3
931,854,5
932,153,2
353,174,5
486,587,5
150,488,5
641,194,3
12,81,2
69,68,4
765,181,4
726,239,3
866,197,5
300,218,4
338,174,5
57,353,3
69,78,4
710,734,5
268,176,5
329,207,5
644,196,5
795,28,3
600,698,3
268,522,5
631,509,5
408,922,5
397,384,3
324,479,4
12,628,1
837,173,4
795,124,4
737,454,4
471,312,5
12,226,5
270,256,4
415,716,2
48,918,5
638,513,4
101,577,2
346,698,1
544,182,4
307,516,4
446,147,4
221,357,2
881,65,4
748,530,5
324,509,4
143,281,4
794,167,5
746,85,5
129,269,5
313,279,3
846,288,5
98,167,5
400,24,4
454,158,3
428,190,5
592,163,4
478,497,5
453,87,4
41,124,4
416,403,3
763,844,4
737,257,4
837,49,5
143,750,4
20,627,3
176,244,3
882,60,5
797,844,5
740,217,4
467,410,3
362,734,3
56,863,3
449,219,4
94,236,2
359,194,3
839,530,5
542,854,4
42,46,1
647,237,3
42,791,1
536,240,3
803,410,3
98,202,4
642,731,3
453,641,2
933,87,4
193,191,5
644,672,3
302,201,5
653,53,3
861,927,4
388,173,4
294,234,4
425,488,5
268,529,3
869,41,2
235,495,3
532,189,2
335,275,4
268,162,2
268,485,3
496,187,3
388,181,5
889,131,5
262,244,4
5,519,4
829,312,5
544,750,3
839,99,5
290,469,3
931,434,4
307,6,4
379,61,1
378,22,4
157,208,5
278,69,1
144,97,5
456,454,4
10,221,3
621,21,4
325,49,5
289,691,5
221,475,3
756,545,3
285,287,5
43,257,4
143,469,2
847,429,5
157,1015,3
279,401,4
652,97,2
451,134,3
832,653,5
386,297,3
879,203,5
765,647,3
108,160,3
61,714,2
215,927,3
279,230,3
639,61,3
522,152,4
324,646,5
159,128,4
505,180,5
200,918,3
520,173,4
275,522,4
726,113,5
22,90,4
9,220,4
304,238,3
71,602,4
681,46,1
405,62,3
310,401,4
0,170,5
626,229,4
297,131,5
362,115,4
397,94,5
638,192,3
43,306,4
658,187,3
220,155,5
756,287,4
392,728,4
714,142,3
405,731,4
233,208,4
706,161,5
270,233,5
302,938,3
313,201,5
457,512,4
541,426,5
42,188,5
390,95,3
832,216,2
471,229,5
647,632,3
693,317,5
55,719,3
498,212,3
331,567,4
806,94,4
797,402,4
406,184,5
885,62,3
893,297,3
108,355,4
393,664,2
882,23,4
253,237,3
338,99,5
341,3,4
649,270,3
310,508,3
6,124,4
522,193,5
895,38,2
757,511,5
839,97,5
536,485,3
243,608,3
307,192,3
803,925,4
108,356,2
453,247,3
869,217,4
238,13,5
329,69,4
605,450,3
326,172,4
342,57,4
108,321,2
278,268,4
880,61,4
118,327,4
619,624,3
268,186,4
647,575,4
400,272,2
526,168,4
10,82,5
253,654,4
392,575,3
173,247,5
183,422,4
704,274,5
278,407,5
15,232,5
89,606,5
338,257,3
93,468,4
317,25,5
362,386,1
526,430,3
547,283,3
895,131,3
664,431,4
918,878,3
486,355,4
300,454,5
143,60,3
932,392,2
243,651,5
726,259,1
449,143,5
454,661,4
212,520,4
342,264,2
541,398,2
560,69,4
393,66,5
406,98,4
434,683,4
781,332,3
536,169,3
587,98,5
565,126,5
693,450,4
814,238,5
605,227,5
317,507,4
532,658,4
150,434,4
486,379,2
232,583,4
84,691,3
12,515,5
377,159,2
304,314,5
898,189,4
188,208,1
391,285,2
416,398,3
415,171,5
714,23,3
415,95,4
144,2,3
304,162,3
806,70,5
61,216,2
473,355,5
302,63,5
307,294,3
84,52,3
415,505,5
536,126,5
343,507,4
456,450,4
143,318,3
915,202,4
397,416,3
659,153,4
261,89,4
547,344,1
325,524,5
789,227,3
42,659,4
720,681,3
300,738,2
91,128,4
200,27,3
157,128,5
344,169,5
238,426,5
504,650,3
362,188,5
353,57,3
233,134,4
932,134,4
71,47,4
391,346,4
392,85,2
436,178,4
307,282,3
91,635,3
715,68,5
398,632,3
763,236,4
392,279,4
513,305,4
12,242,3
58,236,3
536,381,3
151,698,5
428,128,4
900,1034,4
765,210,4
333,325,1
869,209,4
206,201,3
879,93,3
223,422,4
101,152,2
150,237,5
540,62,3
689,450,4
837,288,5
591,180,3
847,418,5
692,741,3
881,117,4
708,230,3
454,1,4
483,317,5
343,209,4
665,256,3
279,175,3
398,355,3
81,325,2
891,195,4
61,194,5
895,316,4
213,99,4
15,628,4
197,92,3
869,68,4
585,209,4
659,201,2
311,49,5
150,90,2
292,653,5
384,272,2
714,72,4
220,484,2
378,46,5
647,504,4
388,476,4
532,777,4
532,65,4
416,287,3
294,49,5
455,430,4
290,218,4
692,272,3
523,442,4
869,50,2
832,150,4
232,191,5
127,504,4
845,525,4
362,649,2
294,69,5
478,272,4
585,81,2
425,653,5
822,208,4
585,664,3
624,527,3
255,48,4
193,237,5
879,98,3
187,184,4
804,116,3
129,94,5
845,193,4
278,16,4
660,94,5
215,312,5
221,37,2
804,54,5
89,704,5
200,120,2
451,142,3
726,433,5
377,66,2
327,202,5
513,404,2
550,231,5
384,651,5
921,174,3
404,745,1
696,122,5
434,257,4
233,380,3
740,53,3
665,96,4
143,211,5
386,0,4
6,88,5
327,270,3
698,545,3
847,500,3
377,81,4
452,99,5
215,41,5
310,117,3
319,357,4
310,71,4
212,626,4
532,754,3
150,6,4
626,288,2
415,13,4
451,99,5
794,57,4
377,52,3
891,152,5
492,60,4
663,1100,3
523,514,4
292,500,4
795,158,3
750,237,3
639,125,4
267,208,4
13,284,5
585,256,3
689,8,3
885,232,3
542,659,3
706,3,3
294,209,4
797,97,1
338,142,5
129,331,4
652,163,3
342,509,5
879,297,4
307,769,4
319,53,4
478,201,4
763,863,4
806,209,4
22,78,4
658,513,5
681,624,3
312,162,2
600,182,4
405,504,4
785,182,4
647,219,3
12,116,3
535,143,4
550,379,3
617,30,4
270,418,3
263,447,2
918,6,3
302,507,4
932,549,1
889,180,4
360,155,4
373,240,5
261,120,3
338,88,5
885,590,3
212,217,4
326,381,3
292,301,4
325,385,5
343,150,5
297,212,3
536,242,1
41,193,5
275,345,4
327,71,3
803,239,4
312,738,3
502,247,4
384,248,2
63,81,3
17,646,4
446,297,4
845,520,3
55,221,5
300,575,4
458,110,3
22,7,4
885,207,3
295,854,5
535,221,4
794,94,4
378,519,5
386,398,3
346,415,3
233,264,3
326,9,4
373,76,5
144,300,4
415,241,4
434,27,3
360,164,5
263,199,5
644,511,5
353,269,5
441,67,3
425,492,4
296,193,3
325,152,4
477,71,1
478,152,4
502,305,5
441,221,3
803,126,3
455,94,4
188,12,4
379,958,2
654,522,3
297,173,5
550,12,1
233,464,2
541,314,4
213,249,2
926,203,4
720,293,3
377,271,4
592,82,5
63,651,2
619,147,3
384,513,4
342,67,1
307,209,4
278,203,3
362,195,4
620,409,4
329,215,5
275,878,3
12,490,4
642,127,3
473,78,5
233,426,4
689,50,3
307,94,4
587,446,3
842,22,2
747,175,5
5,80,4
386,356,5
621,577,4
544,647,3
748,525,5
298,6,3
324,654,4
933,160,4
91,520,4
302,218,5
221,1073,3
393,745,2
388,7,4
262,21,5
302,814,3
715,487,4
787,95,3
197,185,5
285,0,4
58,219,2
221,500,2
82,180,4
312,654,4
888,641,3
454,175,3
797,416,3
839,515,5
681,116,4
737,602,5
384,196,4
867,113,5
931,384,2
663,88,5
536,87,2
633,281,4
933,791,3
10,93,3
285,274,4
415,417,4
496,207,3
93,264,4
794,549,3
360,741,1
266,229,4
310,142,3
89,646,5
781,878,3
310,479,4
267,734,3
435,410,4
473,490,4
206,2,2
173,581,4
505,402,4
327,182,5
6,7,5
499,267,5
12,353,2
839,587,4
536,454,1
392,272,3
98,10,5
319,96,5
129,158,4
473,517,4
360,284,4
129,500,5
404,525,1
294,190,5
626,519,5
453,692,2
576,661,4
312,486,3
473,707,4
772,323,3
471,150,3
63,462,4
188,237,5
144,309,4
565,10,3
10,331,5
93,524,5
471,65,5
534,151,4
71,117,3
434,287,4
861,478,4
115,595,5
434,0,5
891,215,5
206,4,3
847,237,4
895,90,2
326,285,2
101,143,3
689,202,4
704,21,5
607,135,3
471,927,4
255,678,3
566,181,5
278,918,3
353,486,3
295,658,5
159,487,5
882,208,3
902,332,4
806,509,5
118,221,5
302,1046,2
292,460,2
326,99,4
71,627,4
877,473,5
435,124,4
641,312,5
436,11,5
505,322,3
392,297,4
585,122,3
343,86,4
898,723,5
362,596,4
249,115,4
891,522,5
338,268,5
353,130,3
21,67,4
560,548,2
449,481,5
255,76,3
108,158,4
278,229,4
706,777,3
0,32,4
41,167,3
540,417,5
424,271,4
541,587,4
853,356,4
787,185,3
384,207,3
393,231,4
620,183,3
839,233,5
845,662,4
63,194,5
891,94,4
42,587,4
289,549,3
9,92,4
915,149,4
346,925,1
912,918,4
503,408,4
654,245,3
888,302,3
86,120,5
335,66,4
386,60,3
17,527,4
311,428,5
748,110,3
386,678,5
37,161,5
591,762,5
715,464,5
591,306,4
325,135,4
380,417,3
4,249,3
415,142,5
715,380,4
681,88,4
845,27,5
295,428,5
392,404,4
372,595,3
499,58,4
209,187,3
231,470,3
391,631,5
505,185,4
560,615,3
58,741,3
22,221,4
150,161,5
458,258,4
789,474,3
451,289,2
663,508,4
737,185,4
879,256,5
91,170,4
94,204,3
268,581,4
245,422,3
845,68,5
312,819,2
639,80,5
756,156,3
48,333,4
108,28,3
298,478,4
933,854,4
912,98,4
850,326,4
658,384,5
532,209,5
605,233,4
199,147,4
377,28,3
317,654,4
619,280,5
302,167,5
449,494,4
393,738,4
832,292,4
248,407,5
861,110,5
664,342,3
307,48,3
268,704,2
268,231,1
434,99,3
534,284,4
900,12,1
12,306,2
200,217,4
275,4,3
327,401,3
654,155,2
866,50,3
405,590,3
763,12,2
21,203,5
425,473,4
143,1015,3
311,174,3
496,201,4
404,31,1
552,647,4
91,142,3
221,507,3
346,167,5
415,208,5
22,188,5
757,222,5
534,520,5
386,249,4
747,57,4
726,69,5
497,126,4
704,285,3
494,490,5
378,232,3
454,303,3
12,506,1
477,567,5
341,87,1
617,14,3
805,132,5
829,819,1
342,131,5
127,222,5
847,522,5
853,41,4
345,67,3
803,140,3
5,500,5
289,270,3
269,175,4
746,10,5
221,746,2
81,193,4
765,133,5
803,309,4
664,410,4
454,530,3
81,288,1
653,677,4
86,227,5
652,454,3
235,631,3
353,59,5
327,233,4
393,3,4
708,180,4
266,203,4
726,274,3
547,1046,4
452,155,5
542,215,4
797,0,4
324,483,5
456,81,5
416,54,5
388,492,5
81,518,4
378,202,4
223,468,1
435,72,4
379,750,3
652,1013,2
415,306,1
289,377,3
714,424,4
238,503,4
485,302,4
127,1038,4
20,200,5
359,844,3
406,131,4
144,65,4
787,50,4
473,209,5
245,430,3
325,96,4
824,221,5
319,545,4
408,480,3
63,632,5
863,1118,3
814,201,4
360,96,4
485,280,3
832,432,3
58,403,3
649,280,2
329,70,5
900,678,4
649,498,3
408,13,5
12,88,4
325,520,2
842,156,2
523,741,3
58,172,5
781,245,3
61,127,2
150,691,3
455,98,3
61,13,4
832,426,3
275,635,4
881,88,5
692,287,2
789,357,2
681,248,3
408,7,3
565,93,2
311,473,5
531,317,5
144,689,4
822,605,4
867,239,5
931,473,5
192,0,4
12,614,4
829,99,5
263,380,4
552,484,3
310,494,4
262,195,4
221,226,3
183,55,3
591,58,4
229,0,5
803,183,5
652,565,5
889,659,2
338,938,4
231,654,4
541,96,4
12,164,3
94,175,3
268,160,1
492,287,4
108,130,1
252,199,4
553,575,4
13,21,3
298,212,5
415,245,4
845,287,4
300,156,2
446,200,2
781,357,4
341,507,3
296,282,4
42,777,5
715,418,5
757,227,3
343,172,5
880,173,5
434,289,3
312,22,4
390,88,3
391,113,4
566,196,5
233,431,4
6,134,5
757,627,4
324,482,5
845,240,4
428,98,3
478,256,4
617,958,4
331,681,4
13,922,5
333,404,3
331,755,2
213,131,5
127,738,4
559,108,3
880,482,4
915,747,2
307,173,4
10,38,3
310,486,4
714,30,4
296,602,5
794,163,3
233,110,3
307,98,4
415,70,4
503,447,5
520,297,3
487,661,4
565,259,2
378,151,5
398,117,3
346,275,3
505,603,4
882,71,4
398,454,4
58,418,2
275,431,5
693,631,4
362,175,4
435,97,4
455,110,3
98,27,3
428,468,4
879,656,4
415,91,3
346,734,2
12,321,3
379,526,4
647,553,4
335,152,5
456,99,5
232,81,4
658,497,3
891,272,4
263,182,5
157,123,4
642,87,2
623,126,4
587,257,4
895,525,4
238,267,2
379,96,3
869,510,3
523,214,2
587,20,5
633,123,3
21,201,5
17,482,4
57,194,4
641,57,3
346,1046,1
889,1038,4
541,179,3
638,661,2
708,186,5
550,99,4
853,194,3
544,228,3
223,257,3
43,190,4
559,318,4
449,78,4
866,659,4
747,203,3
129,218,5
346,21,5
200,635,2
638,167,1
467,4,3
307,201,4
891,177,5
536,306,3
296,221,4
415,923,5
915,384,3
619,408,4
845,82,4
378,418,4
499,583,1
449,204,4
895,707,2
296,689,5
360,236,4
57,545,2
415,275,3
536,602,4
193,529,4
654,315,4
212,228,4
372,268,5
446,182,5
492,24,4
795,117,4
692,508,3
853,126,4
804,110,3
384,738,1
84,709,2
359,12,3
405,522,3
5,198,4
9,293,3
499,545,4
654,99,3
233,615,2
842,626,2
326,284,4
406,344,4
861,221,5
56,283,3
373,731,4
43,630,1
398,21,3
177,519,5
312,498,3
587,183,4
850,191,4
324,184,5
285,404,3
424,206,2
298,203,4
839,186,3
292,565,3
587,583,3
804,322,5
267,285,5
404,726,1
393,131,4
84,595,3
710,342,3
390,650,5
270,479,4
565,85,4
726,627,3
704,116,5
386,567,2
926,299,5
245,664,4
268,173,1
591,543,4
372,316,4
249,182,4
82,251,4
4,193,4
453,192,2
306,213,5
405,280,3
797,224,4
626,179,5
434,402,4
670,181,4
869,380,3
4,203,4
803,442,5
502,78,5
353,185,4
296,658,4
353,602,5
267,746,3
644,522,5
86,520,3
750,657,3
6,482,4
346,179,5
757,346,3
839,429,5
101,357,3
605,661,4
118,754,1
397,662,2
59,127,3
626,231,3
535,583,5
245,55,1
451,501,2
536,525,3
48,11,4
644,69,4
832,66,3
291,522,4
895,202,5
795,273,5
839,518,5
188,172,5
502,381,4
353,606,3
832,522,3
912,3,4
150,608,4
312,204,5
614,134,4
483,273,4
5,142,2
592,7,3
496,723,5
380,99,4
805,55,5
850,9,3
559,182,5
621,275,4
82,65,4
710,706,5
268,646,4
327,55,4
631,80,5
157,501,4
939,381,3
647,88,4
853,7,5
853,320,3
698,245,4
275,719,2
275,71,4
542,160,4
698,595,3
307,692,3
22,448,2
932,87,3
101,97,4
451,624,3
270,410,1
434,210,4
931,44,5
692,630,3
621,23,4
199,446,4
292,385,2
325,479,4
98,747,4
270,37,2
592,192,4
386,242,1
267,381,3
10,120,3
740,698,4
619,293,5
57,44,5
238,529,5
333,238,3
845,661,3
494,661,5
434,21,4
275,69,4
803,525,4
378,150,4
658,217,4
626,22,4
526,207,4
317,76,3
223,743,1
187,142,5
187,691,5
623,1046,3
434,227,4
885,41,5
879,596,3
307,263,2
94,181,2
275,409,4
560,431,5
842,61,4
756,152,3
535,402,3
84,516,5
540,256,5
663,481,5
455,345,5
319,293,4
498,300,4
624,485,3
388,488,4
547,163,5
373,695,3
642,662,4
248,12,4
6,126,5
58,565,4
565,63,5
681,256,2
326,627,2
379,707,3
660,165,5
497,108,3
0,53,3
108,89,3
698,716,1
623,284,5
458,618,4
91,650,4
93,280,3
832,1015,1
880,433,2
900,435,4
188,175,4
12,86,5
229,133,4
89,268,5
416,249,4
822,332,3
710,161,5
199,87,4
642,526,3
55,226,3
183,271,4
144,684,4
867,163,2
398,464,3
704,68,3
313,53,4
522,65,4
846,209,3
715,317,5
496,54,3
918,150,4
346,327,4
372,164,5
617,185,4
628,330,3
441,173,4
837,486,4
362,0,2
255,37,4
692,581,2
266,402,4
199,575,4
839,90,5
326,218,4
221,410,3
342,136,4
710,581,5
183,508,4
127,923,3
298,509,5
641,164,4
94,508,4
279,506,3
124,356,3
478,229,4
806,658,4
101,553,2
654,345,4
869,427,4
693,238,4
653,86,4
631,200,4
654,53,2
552,608,4
592,567,4
150,8,4
631,450,4
55,654,4
513,198,3
787,124,3
177,147,4
84,191,4
343,245,4
278,968,3
772,88,4
785,125,4
326,650,4
285,249,4
485,761,4
398,322,1
144,651,5
853,603,4
278,777,4
765,422,3
888,78,3
20,49,3
359,198,5
494,53,5
285,216,3
290,392,3
390,172,4
200,577,2
61,152,4
233,222,3
832,159,5
910,271,4
565,30,3
345,57,3
886,404,5
453,184,2
748,225,4
393,293,4
345,2,3
41,865,4
708,181,4
626,178,5
638,154,3
478,294,1
406,181,4
320,492,4
879,95,4
317,413,4
183,507,4
406,217,4
98,91,4
359,301,4
698,819,2
61,513,3
889,635,3
297,96,4
325,418,3
428,602,4
379,628,2
933,156,2
398,400,3
59,233,4
5,271,4
22,545,3
654,457,3
325,384,3
829,695,2
338,735,3
6,215,4
553,222,3
428,526,5
37,317,3
372,193,4
756,173,5
647,678,3
5,511,4
390,333,5
215,94,3
822,530,4
48,218,1
473,415,4
522,948,5
252,131,5
9,268,4
853,481,3
200,155,4
255,683,5
311,168,5
98,244,3
895,844,3
457,31,4
296,222,5
505,709,5
398,543,2
86,182,4
285,185,5
233,476,1
193,90,3
372,160,4
485,279,2
536,206,4
692,194,4
177,741,3
193,515,3
845,140,4
842,169,1
477,230,1
212,172,5
196,514,5
822,708,3
825,312,5
639,208,5
681,81,4
886,992,5
43,432,4
720,283,4
628,195,4
82,404,5
115,192,4
619,62,5
797,418,4
151,7,5
693,214,3
803,117,4
665,268,5
183,43,4
467,203,5
763,173,5
278,91,4
504,65,4
706,301,4
885,193,3
298,128,4
454,548,4
404,227,1
238,57,5
84,631,3
10,172,5
390,96,4
310,575,3
910,175,4
644,185,4
353,282,4
698,303,4
390,482,3
803,259,2
270,545,2
193,355,2
585,2,5
639,37,4
220,55,5
550,2,5
523,927,4
492,167,5
405,88,4
61,462,4
63,474,5
37,258,3
4,226,4
708,577,4
885,78,5
232,120,4
436,134,4
342,173,5
617,171,5
737,49,5
342,152,5
756,10,4
931,656,5
497,627,4
360,172,5
302,150,5
388,175,4
188,169,4
295,99,5
98,472,4
665,185,2
200,143,4
307,70,4
124,55,1
494,55,5
319,677,3
499,299,4
379,356,4
221,10,5
659,182,2
641,698,5
652,471,1
552,477,4
275,27,4
939,6,4
48,115,4
48,3,2
61,161,4
325,614,4
82,410,2
108,178,4
408,526,4
885,93,4
434,135,4
814,431,5
388,193,4
296,217,3
737,173,5
405,512,5
885,474,5
416,167,4
795,120,5
220,468,3
243,21,4
213,515,5
12,270,1
22,180,4
880,135,4
795,380,3
621,131,4
173,13,5
542,133,5
605,746,4
483,13,4
607,332,4
536,345,3
196,288,4
285,1013,5
17,286,4
747,426,4
912,418,5
12,415,3
12,677,3
471,238,5
592,684,3
302,461,3
641,233,1
188,161,3
617,22,5
58,186,5
847,87,4
710,415,3
86,518,4
496,738,4
326,49,3
478,264,4
565,460,4
245,96,3
888,596,3
794,201,3
449,747,4
290,100,4
762,60,5
233,80,3
621,1073,2
893,212,4
235,131,4
229,484,5
681,27,3
832,185,1
623,1011,4
428,279,2
772,51,3
837,992,3
313,401,4
544,377,3
918,418,5
275,468,4
386,78,4
43,142,4
71,483,4
550,158,4
547,741,5
384,303,3
492,409,4
449,66,3
86,55,4
921,218,1
711,400,3
910,207,4
221,1034,2
71,225,4
803,193,4
454,256,4
295,267,4
748,48,4
93,66,3
48,181,3
662,126,5
41,417,5
619,14,5
845,126,5
98,872,1
487,229,3
319,120,5
296,156,2
847,754,5
531,57,4
268,240,1
487,86,5
188,134,4
587,698,4
885,155,4
359,878,3
415,177,5
325,654,5
200,264,3
893,507,3
681,162,3
935,128,4
915,450,3
71,68,4
234,212,4
576,21,5
889,210,2
888,472,4
921,142,4
324,497,4
416,247,4
803,234,5
157,69,4
912,172,5
436,161,4
850,110,3
200,1,2
300,379,4
61,52,2
710,650,4
335,274,4
587,312,5
839,528,4
268,234,3
803,195,4
522,96,4
319,231,4
641,209,5
317,1011,4
845,492,5
200,769,3
789,24,2
313,110,4
425,525,4
143,90,2
693,209,4
144,133,4
502,198,4
55,299,4
654,292,4
455,186,4
787,404,4
605,734,5
494,264,5
660,85,4
825,525,3
151,409,4
757,95,5
17,415,5
253,49,5
378,527,5
270,176,3
757,424,5
212,237,5
454,454,3
434,1027,2
531,190,5
406,558,3
614,215,4
893,211,5
57,174,5
398,143,3
449,300,4
12,264,4
795,473,2
435,286,4
398,746,5
325,632,4
880,273,3
659,66,1
159,407,4
513,201,4
896,432,4
822,76,4
249,332,4
398,719,3
715,202,4
333,285,4
452,355,2
714,194,4
297,98,3
333,234,3
531,11,5
0,172,5
454,461,3
275,150,5
665,615,3
221,192,4
86,38,3
885,167,4
757,10,3
642,275,5
747,709,3
380,98,5
177,61,4
324,401,2
292,615,3
292,635,4
157,171,4
552,98,5
124,257,5
360,154,3
298,236,2
346,180,5
473,605,3
715,110,4
302,581,4
550,54,5
275,1015,3
143,434,4
390,321,3
59,417,3
486,339,1
275,384,4
17,237,5
473,274,3
726,747,4
638,11,3
188,177,5
268,709,1
12,162,3
456,225,3
285,154,4
647,95,5
649,300,2
882,511,5
261,392,2
209,72,5
129,314,4
531,150,5
576,187,3
12,510,5
333,1047,4
406,142,4
91,47,4
238,429,3
804,221,4
192,754,4
193,57,4
696,0,5
71,169,3
266,653,5
306,510,5
176,195,3
101,587,4
118,312,5
503,204,3
689,126,4
932,514,3
457,530,5
377,628,5
326,63,2
710,311,5
109,894,2
388,186,5
406,507,4
457,57,5
483,233,4
93,927,3
536,529,4
550,191,5
918,92,5
541,99,4
720,238,4
560,156,4
839,511,5
585,176,3
253,93,3
473,418,4
473,204,5
360,182,4
797,190,4
714,158,3
435,203,5
765,132,3
825,21,5
449,691,4
591,172,5
455,522,4
926,1015,5
473,487,3
177,68,5
550,478,3
6,386,3
206,747,3
424,182,3
388,239,3
846,184,2
795,95,4
380,88,5
772,719,1
346,567,4
496,69,4
398,97,4
795,195,5
541,68,4
763,716,3
291,422,5
881,755,3
373,88,2
404,691,5
331,292,4
837,1038,5
891,819,3
867,777,2
477,236,5
534,381,5
882,85,3
377,468,5
206,237,2
390,124,3
797,48,4
311,484,4
377,398,3
331,236,5
692,603,3
654,47,4
483,292,5
681,217,3
342,201,4
6,175,3
302,333,3
926,0,5
199,195,4
388,177,4
659,238,2
869,130,4
275,68,4
98,65,3
400,476,1
847,70,5
891,80,3
9,58,4
504,647,4
37,626,5
526,614,4
748,290,4
58,203,5
249,90,5
252,80,4
290,180,5
150,442,5
384,204,2
931,63,2
307,424,4
756,49,4
829,202,4
255,201,3
278,207,5
552,656,5
6,206,4
56,172,5
541,186,4
108,762,2
496,216,4
906,286,4
560,71,2
398,558,3
706,184,3
797,492,3
86,237,3
193,519,5
249,330,3
310,299,4
644,46,4
660,565,4
290,384,4
300,2,2
605,306,4
487,650,5
229,208,1
639,549,4
617,422,5
304,12,3
408,603,4
377,47,5
279,234,5
93,345,4
499,251,2
312,233,4
845,614,5
747,516,3
378,553,4
238,99,3
794,501,3
268,182,3
659,23,3
789,293,2
324,126,5
22,918,5
473,379,4
302,407,4
197,279,3
649,130,3
621,211,3
454,222,4
302,602,5
238,662,5
803,226,4
82,1,4
566,522,3
268,210,4
560,402,3
486,332,3
71,63,5
750,322,1
302,268,5
129,618,4
797,196,2
346,469,5
867,218,2
536,267,4
795,133,3
329,746,3
313,116,4
900,233,4
714,95,4
196,287,3
187,161,4
895,67,3
706,457,3
377,434,4
372,154,4
59,132,4
867,11,5
832,153,5
124,174,2
42,97,5
898,596,2
457,142,4
384,658,4
850,479,5
249,557,4
197,461,3
804,392,3
681,356,3
885,80,4
473,237,4
275,124,4
787,738,2
560,435,4
832,57,2
252,97,5
307,128,5
428,356,5
446,289,4
255,21,5
406,230,3
327,549,3
176,317,4
789,549,4
706,695,4
881,745,4
341,812,5
553,69,4
188,486,5
404,664,1
89,240,5
302,745,4
200,272,2
6,503,5
847,678,3
388,98,5
565,206,5
200,175,4
893,164,4
269,217,5
398,120,3
910,208,5
21,180,5
644,182,4
449,519,5
789,172,3
199,469,4
931,212,3
199,203,5
658,78,4
304,68,3
550,232,4
319,409,4
84,512,4
631,678,4
446,226,2
384,233,1
898,662,4
101,595,2
805,236,2
91,154,2
795,422,4
698,267,4
895,226,4
9,97,4
300,108,5
797,575,3
89,480,5
275,152,4
325,719,2
832,183,3
415,656,5
522,180,5
891,1,4
534,494,3
98,327,4
238,164,5
785,503,4
806,471,4
199,508,4
522,162,5
714,461,4
641,0,5
405,605,3
275,90,5
882,172,4
842,1038,3
499,478,5
253,422,5
526,461,3
496,392,4
592,96,4
434,332,3
698,251,4
124,197,3
478,270,3
550,187,5
93,470,4
416,691,4
664,213,4
270,285,4
471,342,5
58,503,5
715,605,5
291,167,5
378,450,4
278,683,3
235,509,3
63,745,5
915,22,4
879,2,1
681,167,5
756,247,4
912,689,3
215,81,4
806,198,5
233,504,4
591,500,4
895,590,3
144,173,5
295,273,4
319,691,4
681,596,1
624,654,3
428,178,3
585,199,4
266,292,4
787,192,4
41,317,5
342,457,5
378,284,5
292,549,1
623,49,5
478,214,3
853,506,4
553,581,3
378,173,5
307,590,3
654,294,3
839,63,4
895,135,5
532,296,4
592,590,4
233,220,2
665,65,4
939,136,3
541,626,3
502,282,5
425,503,4
698,339,4
298,234,1
503,175,3
891,738,4
248,208,5
933,506,4
825,565,3
496,21,5
183,530,4
505,606,4
535,482,4
762,221,5
197,650,4
893,116,3
895,238,4
290,495,5
302,221,3
93,664,3
304,133,5
795,212,4
452,24,4
344,12,4
94,647,3
69,263,4
270,178,4
663,457,3
345,96,4
902,707,4
298,461,5
212,234,1
424,519,3
173,154,4
454,320,2
360,516,5
91,400,3
503,418,3
560,159,3
415,471,4
400,314,4
285,315,5
746,428,4
312,116,4
888,819,2
652,221,3
488,293,3
435,37,3
89,275,4
814,225,3
457,424,3
346,467,2
454,567,4
806,470,4
416,71,4
144,476,2
532,49,5
261,14,3
714,251,1
221,146,4
294,108,4
605,201,4
159,482,5
275,474,5
454,46,2
187,791,2
404,174,1
41,134,4
212,714,5
262,698,4
326,516,2
177,167,4
822,167,5
853,270,4
252,482,5
13,237,5
670,254,5
188,178,5
94,71,2
220,203,4
157,41,3
624,514,4
342,526,5
853,927,3
794,819,3
424,37,3
193,653,2
268,132,3
834,193,4
234,184,4
231,49,4
693,505,4
261,190,4
262,175,5
63,97,4
505,32,3
681,281,4
48,172,3
177,509,4
275,750,4
345,635,3
386,447,3
866,88,5
436,165,4
486,844,4
560,510,4
921,98,4
428,469,5
71,194,5
86,162,4
483,822,4
497,149,3
658,1118,4
255,282,3
310,233,4
681,1011,4
681,418,3
638,195,3
292,355,3
591,761,5
881,289,4
932,653,4
665,132,3
300,251,3
498,481,2
392,651,3
291,660,5
310,510,4
304,630,3
935,180,4
933,212,4
825,287,3
235,147,4
536,167,4
693,664,4
726,179,3
353,150,3
294,380,5
212,171,5
404,519,2
384,209,1
456,427,5
388,922,5
706,63,3
319,1010,3
109,657,3
600,63,4
898,193,5
542,470,3
692,187,2
658,392,3
485,689,2
435,657,5
467,581,3
553,214,5
212,283,5
118,822,3
93,134,4
232,193,4
17,233,3
248,482,5
453,11,3
644,639,4
861,196,4
900,747,4
379,299,3
353,512,5
6,68,5
428,142,3
882,69,3
471,87,2
867,238,3
861,844,4
327,6,4
324,431,5
605,683,3
456,213,5
520,190,4
317,204,3
12,518,5
497,8,2
715,130,5
553,274,4
933,553,4
550,894,3
353,846,3
504,691,3
458,224,3
638,660,4
17,519,4
681,232,2
842,442,4
886,490,2
748,135,5
243,958,4
658,211,4
839,151,4
215,27,4
405,46,4
245,355,2
428,1038,5
213,220,5
531,300,4
896,64,4
232,312,5
711,698,5
404,230,3
893,133,4
869,110,3
22,212,3
405,698,4
279,698,4
885,178,2
486,142,3
452,731,3
400,87,4
233,317,4
714,174,3
249,259,4
451,728,1
757,286,5
536,526,4
544,433,3
487,99,2
806,234,1
118,567,4
91,215,3
320,658,4
658,615,4
232,275,5
560,190,3
416,199,4
933,494,4
526,525,5
455,99,3
22,366,4
253,500,3
861,186,4
795,698,4
229,171,4
804,182,5
312,175,4
559,495,3
150,230,1
867,678,3
522,431,5
58,217,5
428,927,2
710,82,5
343,18,4
362,522,3
803,31,3
654,468,3
238,512,5
188,233,5
867,661,2
473,6,5
620,127,4
262,193,5
319,37,4
129,78,5
866,269,5
453,259,1
15,320,3
377,741,4
451,683,4
320,190,3
449,97,4
787,70,3
360,203,4
605,325,4
452,741,3
846,134,4
6,178,5
6,420,3
631,133,5
870,146,5
624,518,2
58,432,5
933,153,3
748,81,5
446,293,4
329,1034,4
384,132,1
532,179,3
342,116,2
832,918,2
360,651,4
6,565,4
233,123,4
451,47,5
392,327,5
408,432,4
803,1015,4
670,769,2
197,745,4
665,659,4
297,548,4
311,481,5
94,565,2
504,143,3
885,91,3
91,219,1
921,28,3
176,299,2
853,259,3
311,88,5
221,126,5
534,264,3
665,263,3
300,175,4
756,575,3
300,473,4
496,66,3
585,152,2
434,708,4
837,234,2
319,147,4
806,100,4
822,432,4
446,221,3
393,38,4
446,232,4
398,495,3
591,525,5
473,922,4
326,149,4
870,16,3
197,422,3
494,384,3
565,169,5
298,167,4
902,179,5
585,217,3
662,285,3
861,171,5
534,82,4
307,515,4
428,6,2
386,285,2
457,498,4
881,221,5
502,7,5
233,169,5
59,151,4
144,353,4
710,160,4
243,113,4
304,173,3
296,297,5
86,207,5
747,188,4
12,187,4
408,44,4
397,603,5
708,287,5
726,130,2
787,728,4
300,72,4
795,279,4
565,185,3
292,14,3
886,90,5
763,273,3
704,754,5
331,158,5
317,99,5
455,237,4
291,323,3
592,181,2
268,386,3
814,87,4
880,131,3
891,176,4
756,938,4
386,202,4
12,312,4
58,140,4
621,557,2
896,202,4
711,377,4
398,227,2
757,7,5
20,280,2
452,131,3
829,68,5
200,85,4
765,207,5
492,173,3
623,99,5
193,123,4
101,181,3
213,10,5
891,581,3
658,430,4
434,82,4
939,193,5
653,293,3
151,548,4
333,442,3
320,169,4
177,283,4
416,289,4
918,557,5
706,647,4
663,530,2
428,171,5
467,208,5
912,63,5
822,173,5
390,59,5
814,214,5
795,199,5
617,426,5
335,409,3
233,237,3
391,481,5
886,199,1
663,211,4
406,200,4
456,184,5
842,678,4
150,276,4
346,256,4
497,339,2
737,167,3
446,152,4
37,199,5
888,191,3
839,65,3
4,16,4
486,66,3
706,57,3
4,61,4
681,3,3
115,677,3
869,264,4
415,590,5
377,217,3
642,196,4
197,433,3
452,749,4
523,220,4
270,209,4
704,150,3
446,1027,3
621,596,5
220,49,4
803,567,4
386,216,3
109,229,3
587,300,5
372,747,4
63,654,4
935,1010,4
620,108,4
839,49,4
86,650,4
653,1034,4
565,154,2
307,557,4
617,402,4
268,185,2
150,565,3
262,131,5
353,88,4
842,447,4
20,0,5
428,122,4
458,254,4
266,28,3
888,677,3
372,526,4
294,385,4
547,294,5
804,450,5
150,427,5
592,723,3
785,171,5
89,608,5
296,3,1
71,120,3
397,490,5
91,726,4
891,844,4
267,1,2
12,218,1
494,630,2
520,267,5
504,190,3
424,96,2
591,337,2
129,172,3
756,558,4
266,430,4
55,777,4
591,653,5
565,195,4
188,581,5
206,312,4
59,545,4
159,0,4
144,49,5
269,155,5
233,115,2
797,82,4
502,639,1
6,284,5
566,172,4
386,82,4
649,22,3
839,491,5
43,754,3
388,777,4
297,481,5
932,93,1
199,691,3
748,97,5
243,192,4
377,116,3
453,483,3
698,23,3
513,424,5
300,234,2
483,467,5
467,46,5
765,98,3
473,264,5
931,152,4
199,264,5
494,100,5
213,130,3
888,299,3
295,303,3
693,187,5
939,203,4
660,117,4
806,116,4
304,301,4
392,41,4
710,726,4
0,152,3
373,482,3
341,2,2
388,185,2
628,522,3
449,476,4
434,41,3
869,366,4
536,299,1
933,178,2
42,256,4
926,379,5
591,746,4
845,413,4
746,209,4
213,461,4
56,474,2
536,210,4
748,120,3
494,87,4
834,204,3
642,71,4
750,290,3
291,509,4
591,322,1
829,647,5
386,691,1
373,221,4
12,185,4
900,90,1
325,553,3
338,172,5
233,587,3
576,239,3
379,424,4
492,126,3
846,76,4
6,53,3
652,577,1
693,431,4
497,590,4
41,590,4
607,1100,4
565,404,5
867,228,3
406,55,5
880,575,3
499,497,4
293,122,4
261,627,2
61,497,4
206,432,3
408,302,4
331,232,4
255,202,4
600,428,5
478,215,3
896,178,3
535,226,5
600,142,3
869,434,3
891,89,2
37,417,5
467,602,5
346,201,4
869,126,5
91,53,3
664,587,4
192,486,5
505,384,4
12,596,3
252,688,5
270,133,3
502,131,5
641,392,5
268,401,2
576,53,4
91,657,3
665,483,4
853,504,4
344,301,5
261,291,4
523,288,4
187,225,3
373,182,4
600,153,5
398,505,3
406,746,3
56,49,5
304,256,2
706,316,3
659,651,4
837,297,3
269,16,2
42,90,3
380,117,1
57,247,4
197,78,3
362,473,5
789,377,3
746,287,4
449,704,4
553,116,4
173,81,1
384,356,4
803,152,4
193,487,3
565,32,2
473,190,5
654,282,3
404,728,4
345,87,4
379,176,3
737,213,4
832,12,2
693,691,4
737,38,3
492,422,2
392,658,4
825,664,5
159,194,4
13,115,5
839,483,5
176,180,4
346,182,3
649,21,3
86,495,5
41,37,3
478,285,1
436,286,2
270,215,5
108,124,5
520,24,2
435,216,4
534,301,3
428,431,4
652,204,1
327,143,4
750,88,3
565,203,3
6,264,5
523,69,4
458,24,2
91,168,5
847,475,3
12,269,4
93,60,5
268,1027,2
434,918,5
642,131,5
310,172,5
279,654,3
748,417,5
200,202,5
275,462,4
772,90,4
642,185,4
487,7,3
726,519,4
285,651,4
471,95,5
805,520,3
502,503,4
692,22,4
931,514,4
55,49,5
540,755,4
15,683,5
183,398,3
566,658,4
415,234,2
199,356,5
647,126,3
379,37,2
536,651,3
317,283,3
487,10,1
93,97,4
58,728,4
312,68,5
405,501,1
762,196,4
346,409,5
405,519,4
886,495,4
658,130,4
750,659,4
587,734,5
295,503,5
150,380,5
127,659,2
434,454,3
129,175,5
188,3,5
504,331,4
795,428,4
882,505,5
388,201,5
266,202,5
338,379,3
585,741,3
486,30,5
921,714,3
416,10,5
59,683,4
43,90,2
311,505,4
867,209,5
499,173,2
377,174,4
498,646,5
600,503,4
473,435,3
642,227,4
711,659,4
384,602,5
502,429,5
20,4,2
795,44,3
918,143,4
824,408,3
706,495,3
660,198,5
740,279,3
806,173,5
748,228,3
863,71,4
863,96,4
261,484,4
360,332,2
304,159,4
803,173,5
931,161,4
550,316,5
587,431,4
591,143,5
536,516,4
789,62,2
379,162,2
846,140,3
706,199,2
845,96,4
492,149,5
345,233,2
267,41,4
41,565,5
664,923,4
665,581,4
449,498,5
200,267,4
93,53,4
434,168,5
619,49,4
457,96,1
408,164,4
867,731,3
454,55,5
846,233,2
559,0,4
895,731,4
496,152,4
704,1,3
867,171,5
822,70,3
379,78,4
660,614,4
94,442,3
451,480,5
882,193,3
279,384,5
333,662,5
456,366,4
540,426,4
220,632,3
591,812,4
453,97,1
223,242,2
592,1027,3
496,626,3
693,186,4
757,116,4
456,400,3
398,37,2
295,254,2
473,381,3
252,495,5
456,526,5
926,256,5
478,527,4
20,287,3
639,160,4
720,49,5
531,97,5
520,227,4
662,186,5
902,24,4
654,187,3
565,190,4
681,657,4
372,171,5
223,69,2
496,232,2
63,434,4
238,207,3
785,27,5
91,180,4
17,7,5
362,602,4
93,124,1
372,657,4
425,99,4
392,120,4
320,427,4
221,249,2
223,317,5
292,237,4
633,293,4
789,150,4
275,95,5
298,59,5
534,446,5
37,464,5
278,596,5
714,275,3
94,385,2
467,156,4
658,418,5
633,236,5
621,93,2
895,11,3
206,257,4
183,173,3
424,750,2
896,120,5
233,291,4
926,63,5
384,11,3
292,53,3
279,728,2
487,0,3
270,147,3
473,293,3
434,152,3
654,207,3
144,332,2
98,330,3
670,249,5
428,708,4
757,140,4
915,21,4
631,160,3
372,14,4
797,923,3
534,654,4
536,467,2
81,78,3
298,510,4
726,70,3
654,133,4
220,16,4
839,413,4
263,741,2
81,110,4
279,4,4
853,132,3
377,86,4
341,192,5
522,55,3
346,95,4
536,310,3
454,322,3
209,181,5
406,180,3
455,173,4
653,27,5
456,230,4
853,125,3
473,706,5
624,153,3
845,65,4
814,203,4
642,442,4
359,13,5
89,153,5
261,432,4
893,854,4
649,216,3
143,332,3
279,156,3
310,275,4
451,293,2
621,152,4
319,273,4
108,1013,4
772,664,2
326,201,4
746,422,5
653,115,4
620,72,5
296,174,4
63,30,4
639,95,5
